-- phpMyAdmin SQL Dump
-- version 4.3.11
-- http://www.phpmyadmin.net
--
-- Host: 127.0.0.1
-- Generation Time: Jul 14, 2015 at 11:34 AM
-- Server version: 5.6.24
-- PHP Version: 5.5.24

SET SQL_MODE = "NO_AUTO_VALUE_ON_ZERO";
SET time_zone = "+00:00";


/*!40101 SET @OLD_CHARACTER_SET_CLIENT=@@CHARACTER_SET_CLIENT */;
/*!40101 SET @OLD_CHARACTER_SET_RESULTS=@@CHARACTER_SET_RESULTS */;
/*!40101 SET @OLD_COLLATION_CONNECTION=@@COLLATION_CONNECTION */;
/*!40101 SET NAMES utf8 */;

--
-- Database: `gogsa`
--

-- --------------------------------------------------------

--
-- Table structure for table `bints`
--

CREATE TABLE IF NOT EXISTS `bints` (
  `id` int(4) NOT NULL,
  `interior` int(2) NOT NULL,
  `x` float NOT NULL,
  `y` float NOT NULL,
  `z` float NOT NULL,
  `r` float NOT NULL,
  `xb` float NOT NULL,
  `yb` float NOT NULL,
  `zb` float NOT NULL,
  `name` varchar(32) COLLATE cp1251_bin NOT NULL
) ENGINE=InnoDB AUTO_INCREMENT=24 DEFAULT CHARSET=cp1251 COLLATE=cp1251_bin;

--
-- Dumping data for table `bints`
--

INSERT INTO `bints` (`id`, `interior`, `x`, `y`, `z`, `r`, `xb`, `yb`, `zb`, `name`) VALUES
(1, 3, 1212.11, -25.8792, 1000.95, 180.26, 1207.25, -30.8732, 1000.95, 'Бар 1'),
(2, 2, 1204.89, -13.8464, 1000.92, 356.029, 1216.01, -13.3525, 1000.92, 'Бар 2'),
(3, 18, -229.292, 1401.32, 27.7656, 271.5, -224.782, 1403.8, 27.7734, 'Бар 3'),
(4, 11, 501.784, -67.8887, 998.758, 177.288, 494.407, -76.0353, 998.758, 'Бар 4'),
(5, 3, 207.009, -140.364, 1003.51, 1.7841, 199.202, -128.193, 1003.52, 'СкинШоп 1'),
(6, 5, 227.309, -8.1997, 1002.21, 83.0007, 209.83, -8.2969, 1005.21, 'СкинШоп 2'),
(7, 1, 203.693, -50.6577, 1001.8, 359.44, 209.468, -33.8782, 1001.93, 'СкинШоп 3'),
(8, 18, 161.442, -97.1045, 1001.8, 355.528, 148.453, -74.2944, 1001.8, 'СкинШоп 4'),
(9, 14, 204.207, -168.857, 1000.52, 359.578, 214.911, -156.171, 1000.52, 'СкинШоп 5'),
(10, 5, 772.363, -5.5081, 1000.73, 355.768, 0, 0, 0, 'СпортЗал 1'),
(11, 7, 773.962, -78.8379, 1000.66, 358.978, 0, 0, 0, 'СпортЗал 2'),
(12, 6, 774.074, -50.4669, 1000.59, 356.767, 0, 0, 0, 'СпортЗал 3'),
(13, 17, 0, 0, 0, 355.768, -28.3874, -185.142, 1003.55, '24 на 7'),
(14, 3, -2636.59, 1402.48, 906.461, 346.543, -2656.59, 1415.46, 906.273, 'Jizzy Club'),
(15, 17, 493.432, -24.9087, 1000.67, 347.546, 499.966, -18.8853, 1000.67, 'Alhambra Club'),
(16, 17, -25.9879, -187.272, 1003.55, 339.947, -28.3874, -185.142, 1003.55, '24/7'),
(17, 5, 372.17, -133.238, 1001.49, 0, 375.703, -119.347, 1001.5, 'Pizza'),
(18, 17, 377.047, -193.198, 1000.63, 0, 379.203, -186.597, 1000.63, 'Пончики'),
(19, 10, 362.813, -74.9585, 1001.51, 305.249, 376.225, -67.7165, 1001.52, 'Burger Shot'),
(20, 4, 460.448, -88.543, 999.555, 91.1836, 450.513, -83.6517, 999.555, 'Большая закусочная'),
(21, 9, 365.013, -11.7042, 1001.85, 0, 368.465, -6.3818, 1001.85, 'Cluckin'' Bell'),
(22, 1, -1749.35, -21.3494, 1546.01, 270, -1735.51, -22.1528, 1546.01, 'Автомастерская'),
(23, 15, 207.598, -110.766, 1005.13, 354.666, 218.073, -98.5118, 1005.26, 'Binco');

-- --------------------------------------------------------

--
-- Table structure for table `business`
--

CREATE TABLE IF NOT EXISTS `business` (
  `id` int(4) NOT NULL,
  `name` varchar(64) COLLATE cp1251_bin NOT NULL,
  `type` int(2) NOT NULL,
  `bint` int(2) NOT NULL,
  `ownerid` int(9) NOT NULL,
  `sellprice` int(9) NOT NULL,
  `bank` int(11) NOT NULL,
  `price` int(4) NOT NULL,
  `product` int(7) NOT NULL,
  `status` tinyint(1) NOT NULL,
  `x` float NOT NULL,
  `y` float NOT NULL,
  `z` float NOT NULL,
  `r` float NOT NULL,
  `order` int(8) NOT NULL DEFAULT '0',
  `deliving` int(8) NOT NULL DEFAULT '0',
  `mafia` int(11) NOT NULL,
  `owner` varchar(64) COLLATE cp1251_bin NOT NULL
) ENGINE=InnoDB AUTO_INCREMENT=32 DEFAULT CHARSET=cp1251 COLLATE=cp1251_bin;

--
-- Dumping data for table `business`
--

INSERT INTO `business` (`id`, `name`, `type`, `bint`, `ownerid`, `sellprice`, `bank`, `price`, `product`, `status`, `x`, `y`, `z`, `r`, `order`, `deliving`, `mafia`, `owner`) VALUES
(1, 'Alhambra', 5, 15, 0, 500000, 5, 1, 80, 1, 1837.04, -1682.4, 13.3229, 264.433, 0, 6, 12, ''),
(2, '24/7', 3, 16, 84, 300000, 1780, 3, 9140, 1, 1833.77, -1842.54, 13.5781, 267.902, 0, 6, 13, 'Charlee_Quienaxi'),
(3, 'Pizza', 2, 17, 0, 350000, 232, 1, 95, 1, 2105.49, -1806.47, 13.5547, 263.446, 0, 6, 12, ''),
(4, 'Binco', 7, 23, 0, 350000, 64000, 1, 10375, 1, 2244.29, -1665.54, 15.4766, 165.974, 0, 6, 0, ''),
(5, 'Tune salon LS', 8, 22, 3626, 400000, 790, 15, -130, 1, 1004.22, -1430.84, 13.5469, 354.72, 0, 6, 14, 'Matthew_Makaveli'),
(6, 'Tune salon LV', 8, 22, 0, 200000, 590, 0, -90, 1, 2377.94, 1031.6, 10.8203, 79.9949, 0, 0, 0, ''),
(7, 'Tune salon SF', 8, 22, 0, 200000, 390, 15, -50, 1, -1910.69, 301.894, 41.0469, 261.683, 0, 6, 0, ''),
(8, '24/7', 3, 16, 232, 350000, 90, 3, 10, 1, 1352.39, -1759.25, 13.5078, 173.588, 0, 6, 12, 'Vlad_Kulinich'),
(9, 'Rusty Browns', 2, 18, 3630, 400000, 40, 8, 95, 1, 1377.8, -1753.2, 14.1406, 83.6372, 0, 6, 13, 'Charlee_Quienaxi'),
(10, 'Ten Green Bottles', 4, 4, 0, 250000, 0, 15, 100, 1, 2310, -1643.45, 14.827, 312.013, 0, 6, 0, ''),
(11, 'Cluckin-Bell', 2, 21, 0, 200000, 320, 5, 36, 1, 2419.7, -1509.05, 24, 83.3007, 0, 6, 0, ''),
(12, 'Pig Pen', 5, 2, 0, 300000, 0, 1, 100, 1, 2421.53, -1219.24, 25.5617, 354.603, 0, 6, 0, ''),
(13, 'Burger Shot', 2, 19, 0, 200000, 15675, 15, 30339, 1, 810.489, -1616.24, 13.5469, 88.3142, 0, 6, 0, ''),
(14, 'Cluckin-Bell', 2, 21, 0, 200000, 19, 1, 2631, 1, 928.916, -1352.93, 13.3438, 263.423, 0, 6, 13, ''),
(15, '24/7', 3, 16, 0, 300000, 4940, 10, 19579, 1, 1315.43, -897.681, 39.5781, 357.423, 0, 6, 12, ''),
(16, 'Burger Shot', 2, 19, 0, 250000, 0, 1, 23925, 1, 1199.24, -918.143, 43.1233, 6.21965, 0, 6, 0, ''),
(17, 'Victim', 7, 6, 0, 350000, 57000, 15, 26500, 1, 461.695, -1500.73, 31.046, 268.145, 0, 6, 12, ''),
(18, '24/7', 3, 16, 0, 200000, 1240, 2, 90000, 1, -78.3753, -1169.9, 2.13548, 243.392, 0, 0, 0, ''),
(19, 'Pizza', 2, 17, 0, 150000, 0, 0, 90000, 1, 203.353, -201.941, 1.57812, 353.976, 0, 0, 0, ''),
(20, 'Burger Shot', 2, 19, 0, 250000, 0, 0, 90000, 1, -2336.87, -166.867, 35.5547, 86.7001, 0, 0, 0, ''),
(21, 'Cluckin-Bell', 2, 21, 0, 250000, 0, 0, 90000, 1, -2672.21, 257.924, 4.63281, 177.568, 0, 0, 0, ''),
(22, 'Burger Shot', 2, 19, 0, 250000, 0, 0, 90000, 1, -2355.82, 1008.11, 50.8984, 270.652, 0, 0, 0, ''),
(23, '24/7', 3, 16, 0, 200000, 0, 0, 90000, 1, -1676.18, 432.191, 7.17969, 40.9995, 0, 0, 0, ''),
(24, 'ZIP', 7, 8, 0, 300000, 0, 0, 31166, 1, -1882.23, 866.48, 35.1719, 318.279, 0, 0, 0, ''),
(25, 'Cluckin-Bell', 2, 21, 0, 150000, 3195, 15, 30986, 1, 172.945, 1177.21, 14.7578, 326.089, 0, 0, 0, ''),
(26, '24/7', 3, 16, 0, 200000, 0, 0, 90000, 1, 1599.07, 2221.82, 11.0625, 43.1234, 0, 0, 0, ''),
(27, 'Binco', 7, 23, 0, 200000, 0, 1, 100, 1, 2101.89, 2257.42, 11.0234, 83.5204, 0, 0, 0, ''),
(28, '24/7', 3, 16, 0, 200000, 0, 0, 100, 1, 2194.94, 1991.01, 12.2969, 267.112, 0, 0, 0, ''),
(29, '24/7', 3, 16, 0, 200000, 0, 0, 90000, 1, 2546.51, 1972.67, 10.8203, 352.966, 0, 0, 14, ''),
(30, 'Burger Shot', 2, 19, 0, 200000, 0, 0, 100, 1, 2472.87, 2034.28, 11.0625, 268.076, 0, 0, 0, ''),
(31, 'Bar', 5, 1, 0, 200000, 13, 0, 48, 1, 2244.38, 2525.07, 10.8203, 2.67978, 0, 0, 0, '');

-- --------------------------------------------------------

--
-- Table structure for table `casino`
--

CREATE TABLE IF NOT EXISTS `casino` (
  `id` int(4) NOT NULL,
  `owner` varchar(64) CHARACTER SET cp1251 COLLATE cp1251_bin NOT NULL,
  `price` int(44) NOT NULL,
  `bank` int(50) NOT NULL
) ENGINE=MyISAM AUTO_INCREMENT=2 DEFAULT CHARSET=cp1251;

--
-- Dumping data for table `casino`
--

INSERT INTO `casino` (`id`, `owner`, `price`, `bank`) VALUES
(1, 'Johnathan_Sindacco', 2000000, 0);

-- --------------------------------------------------------

--
-- Table structure for table `donate`
--

CREATE TABLE IF NOT EXISTS `donate` (
  `id` int(11) NOT NULL,
  `date` datetime NOT NULL DEFAULT '0000-00-00 00:00:00',
  `player_id` int(11) NOT NULL,
  `summ` int(11) NOT NULL,
  `type` int(2) NOT NULL
) ENGINE=InnoDB AUTO_INCREMENT=249 DEFAULT CHARSET=cp1251 COLLATE=cp1251_bin;

--
-- Dumping data for table `donate`
--

INSERT INTO `donate` (`id`, `date`, `player_id`, `summ`, `type`) VALUES
(1, '2014-05-08 17:13:01', 74, -50, 7),
(2, '2014-05-08 17:16:40', 74, -60, 7),
(3, '2014-05-08 18:43:39', 343, -285, 7),
(4, '2014-05-08 18:43:57', 343, -142, 7),
(5, '2014-05-08 18:44:14', 343, -85, 7),
(6, '2014-05-08 18:44:31', 343, -14, 7),
(7, '2014-05-08 19:24:05', 343, -142, 7),
(8, '2014-05-08 19:30:12', 26, -85, 7),
(9, '2014-05-08 19:30:23', 26, -42, 7),
(10, '2014-05-08 19:30:27', 26, -8, 7),
(11, '2014-05-08 19:30:30', 26, -5, 7),
(12, '2014-05-08 20:56:01', 47, -1000, 7),
(13, '2014-05-08 20:56:13', 47, -100, 7),
(14, '2014-05-08 23:10:05', 32, -10, 7),
(15, '2014-05-09 00:52:10', 343, -7, 7),
(16, '2014-05-09 09:16:39', 589, -40, 7),
(17, '2014-05-09 09:48:35', 47, -1000, 7),
(18, '2014-05-09 09:48:45', 47, -100, 7),
(19, '2014-05-09 10:07:12', 339, -28, 7),
(20, '2014-05-09 10:07:18', 339, -2, 7),
(21, '2014-05-09 10:20:36', 74, -142, 7),
(22, '2014-05-09 10:25:46', 699, -10, 7),
(23, '2014-05-09 10:26:35', 618, -28, 7),
(24, '2014-05-09 10:27:14', 74, -58, 7),
(25, '2014-05-09 10:27:43', 699, -30, 7),
(26, '2014-05-09 12:55:17', 131, -100, 7),
(27, '2014-05-09 13:28:35', 343, -300, 7),
(28, '2014-05-09 13:49:10', 699, -62, 7),
(29, '2014-05-09 13:55:35', 177, -47, 7),
(30, '2014-05-09 15:26:42', 77, -148, 7),
(31, '2014-05-09 15:26:59', 77, -1, 7),
(32, '2014-05-09 15:27:05', 77, -1, 7),
(33, '2014-05-09 15:41:22', 361, -150, 7),
(34, '2014-05-09 17:21:54', 389, -16, 7),
(35, '2014-05-09 18:32:24', 100, -150, 28),
(36, '2014-05-10 05:49:26', 361, -20, 7),
(37, '2014-05-10 12:30:07', 61, -60, 8),
(38, '2014-05-10 12:39:26', 267, -60, 8),
(39, '2014-05-10 14:12:14', 77, -42, 7),
(40, '2014-05-10 14:12:32', 77, -8, 7),
(41, '2014-05-10 14:15:03', 77, -7, 7),
(42, '2014-05-10 14:29:13', 937, -100, 7),
(43, '2014-05-10 14:55:45', 1051, -118, 7),
(44, '2014-05-10 18:03:38', 1009, -138, 7),
(45, '2014-05-11 07:23:29', 283, -1, 7),
(46, '2014-05-11 07:23:33', 283, -1, 7),
(47, '2014-05-11 07:23:36', 283, -1, 7),
(48, '2014-05-11 07:23:43', 283, -1, 7),
(49, '2014-05-11 07:23:46', 283, -1, 7),
(50, '2014-05-11 07:23:49', 283, -1, 7),
(51, '2014-05-11 07:23:52', 283, -1, 7),
(52, '2014-05-11 07:23:54', 283, -1, 7),
(53, '2014-05-11 07:23:57', 283, -1, 7),
(54, '2014-05-11 07:23:59', 283, -1, 7),
(55, '2014-05-11 08:15:08', 69, -500, 7),
(56, '2014-05-11 11:33:56', 1121, -60, 8),
(57, '2014-05-11 13:09:34', 36, -28, 7),
(58, '2014-05-11 13:09:55', 36, -1, 7),
(59, '2014-05-11 15:54:38', 1040, -40, 7),
(60, '2014-05-11 15:55:40', 332, -117, 7),
(61, '2014-05-11 16:06:11', 839, -35, 7),
(62, '2014-05-11 16:16:03', 839, -5, 7),
(63, '2014-05-11 16:17:27', 1299, -5, 7),
(64, '2014-05-11 18:45:57', 937, -100, 7),
(65, '2014-05-11 18:47:03', 1266, -14, 7),
(66, '2014-05-12 08:13:42', 51, -1, 7),
(67, '2014-05-12 08:13:49', 51, -1, 7),
(68, '2014-05-12 08:13:55', 51, -1, 7),
(69, '2014-05-12 08:13:58', 51, -1, 7),
(70, '2014-05-12 08:14:01', 51, -1, 7),
(71, '2014-05-12 08:14:04', 51, -1, 7),
(72, '2014-05-12 08:14:13', 51, -1, 7),
(73, '2014-05-12 08:14:16', 51, -1, 7),
(74, '2014-05-12 08:14:19', 51, -1, 7),
(75, '2014-05-12 08:14:22', 51, -1, 7),
(76, '2014-05-12 08:14:27', 51, -1, 7),
(77, '2014-05-12 08:14:31', 51, -1, 7),
(78, '2014-05-12 08:14:34', 51, -1, 7),
(79, '2014-05-12 08:15:19', 51, -1, 7),
(80, '2014-05-12 08:15:21', 51, -1, 7),
(81, '2014-05-12 08:15:25', 51, -1, 7),
(82, '2014-05-12 08:15:30', 51, -1, 7),
(83, '2014-05-12 08:15:33', 51, -1, 7),
(84, '2014-05-12 08:15:36', 51, -1, 7),
(85, '2014-05-12 08:15:39', 51, -1, 7),
(86, '2014-05-12 08:15:42', 51, -1, 7),
(87, '2014-05-12 08:15:45', 51, -1, 7),
(88, '2014-05-12 08:15:48', 51, -1, 7),
(89, '2014-05-12 08:15:50', 51, -1, 7),
(90, '2014-05-12 08:15:52', 51, -1, 7),
(91, '2014-05-12 08:15:55', 51, -1, 7),
(92, '2014-05-12 08:15:58', 51, -1, 7),
(93, '2014-05-12 08:16:52', 51, -2, 7),
(94, '2014-05-12 08:16:55', 51, -2, 7),
(95, '2014-05-12 08:16:57', 51, -2, 7),
(96, '2014-05-12 08:17:00', 51, -2, 7),
(97, '2014-05-12 08:17:02', 51, -2, 7),
(98, '2014-05-12 08:17:04', 51, -2, 7),
(99, '2014-05-12 08:17:06', 51, -2, 7),
(100, '2014-05-12 08:17:08', 51, -2, 7),
(101, '2014-05-12 08:17:11', 51, -2, 7),
(102, '2014-05-12 08:17:13', 51, -2, 7),
(103, '2014-05-12 08:17:15', 51, -2, 7),
(104, '2014-05-12 08:17:17', 51, -2, 7),
(105, '2014-05-12 08:17:19', 51, -2, 7),
(106, '2014-05-12 08:17:21', 51, -2, 7),
(107, '2014-05-12 08:17:23', 51, -2, 7),
(108, '2014-05-12 08:17:25', 51, -2, 7),
(109, '2014-05-12 08:17:27', 51, -2, 7),
(110, '2014-05-12 08:17:29', 51, -2, 7),
(111, '2014-05-12 08:17:31', 51, -2, 7),
(112, '2014-05-12 08:17:33', 51, -2, 7),
(113, '2014-05-12 08:17:36', 51, -2, 7),
(114, '2014-05-12 08:17:37', 51, -2, 7),
(115, '2014-05-12 08:17:39', 51, -2, 7),
(116, '2014-05-12 08:17:42', 51, -2, 7),
(117, '2014-05-12 08:17:44', 51, -2, 7),
(118, '2014-05-12 08:17:46', 51, -2, 7),
(119, '2014-05-12 08:17:48', 51, -2, 7),
(120, '2014-05-12 08:17:50', 51, -2, 7),
(121, '2014-05-12 08:17:52', 51, -2, 7),
(122, '2014-05-12 08:17:54', 51, -2, 7),
(123, '2014-05-12 08:17:57', 51, -2, 7),
(124, '2014-05-12 08:17:59', 51, -2, 7),
(125, '2014-05-12 08:18:01', 51, -2, 7),
(126, '2014-05-12 08:18:03', 51, -2, 7),
(127, '2014-05-12 08:18:05', 51, -2, 7),
(128, '2014-05-12 08:18:07', 51, -2, 7),
(129, '2014-05-12 08:18:09', 51, -2, 7),
(130, '2014-05-12 08:18:11', 51, -2, 7),
(131, '2014-05-12 08:18:13', 51, -2, 7),
(132, '2014-05-12 08:18:15', 51, -2, 7),
(133, '2014-05-12 08:18:16', 51, -2, 7),
(134, '2014-05-12 08:18:20', 51, -2, 7),
(135, '2014-05-12 08:18:24', 51, -2, 7),
(136, '2014-05-12 10:41:37', 178, -60, 8),
(137, '2014-05-12 12:08:06', 438, -122, 7),
(138, '2014-05-12 12:38:45', 178, -14, 7),
(139, '2014-05-12 12:38:56', 178, -2, 7),
(140, '2014-05-12 12:39:01', 178, -1, 7),
(141, '2014-05-12 17:48:47', 457, -100, 7),
(142, '2014-05-13 12:31:28', 1266, -85, 7),
(143, '2014-05-13 14:44:16', 438, -100, 7),
(144, '2014-05-13 14:44:32', 438, -21, 7),
(145, '2014-05-13 14:44:36', 438, -2, 7),
(146, '2014-05-13 15:23:44', 457, -90, 7),
(147, '2014-05-14 00:59:56', 67, -100, 11),
(148, '2014-05-14 16:11:50', 178, -60, 8),
(149, '2014-05-14 16:13:33', 178, -2, 7),
(150, '2014-05-14 16:13:38', 178, -8, 7),
(151, '2014-05-14 16:13:57', 178, -1, 7),
(152, '2014-05-14 16:35:04', 457, -100, 7),
(153, '2014-05-14 17:56:49', 457, -100, 7),
(154, '2014-05-14 17:56:58', 457, -100, 7),
(155, '2014-05-15 07:59:29', 178, -70, 7),
(156, '2014-05-15 08:16:10', 1506, -100, 7),
(157, '2014-05-15 12:05:46', 1506, -21, 7),
(158, '2014-05-15 13:15:28', 1651, -2, 7),
(159, '2014-05-16 11:16:48', 720, -150, 7),
(160, '2014-05-16 13:34:03', 1368, -14, 7),
(161, '2014-05-16 13:34:16', 1368, -28, 7),
(162, '2014-05-16 13:34:31', 1368, -2, 7),
(163, '2014-05-16 13:34:36', 1368, -1, 7),
(164, '2014-05-16 16:58:47', 1346, -280, 7),
(165, '2014-05-17 07:22:09', 100, -60, 8),
(166, '2014-05-17 17:25:07', 719, -10, 7),
(167, '2014-05-17 17:31:04', 719, -11, 7),
(168, '2014-05-18 03:03:11', 178, -44, 7),
(169, '2014-05-18 08:40:21', 2141, -28, 7),
(170, '2014-05-18 16:45:30', 457, -90, 7),
(171, '2014-05-18 18:21:50', 2141, -50, 7),
(172, '2014-05-19 07:42:21', 720, -300, 7),
(173, '2014-05-19 10:49:50', 1484, -100, 7),
(174, '2014-05-19 14:17:44', 1368, -57, 7),
(175, '2014-05-19 14:17:52', 1368, -42, 7),
(176, '2014-05-19 14:18:08', 1368, -1, 7),
(177, '2014-05-19 14:32:08', 438, -82, 7),
(178, '2014-05-19 21:02:39', 343, -30, 8),
(179, '2014-05-19 21:18:05', 343, -20, 7),
(180, '2014-05-21 10:41:15', 2027, -142, 7),
(181, '2014-05-21 12:04:22', 2215, -30, 8),
(182, '2014-05-21 12:13:06', 2215, -20, 7),
(183, '2014-05-24 12:15:59', 2027, -1, 7),
(184, '2014-05-24 12:16:07', 2027, -428, 7),
(185, '2014-05-24 12:16:14', 2027, -35, 7),
(186, '2014-05-24 12:16:26', 2027, -11, 7),
(187, '2014-05-24 12:22:14', 2495, -30, 8),
(188, '2014-05-24 12:23:49', 2495, -10, 12),
(189, '2014-05-24 12:25:33', 2495, -71, 7),
(190, '2014-05-24 12:25:43', 2495, -142, 7),
(191, '2014-05-24 12:25:51', 2495, -285, 7),
(192, '2014-05-24 12:26:19', 2495, -42, 7),
(193, '2014-05-24 13:19:30', 2495, -571, 7),
(194, '2014-05-24 13:19:40', 2495, -85, 7),
(195, '2014-05-24 13:20:24', 2027, -285, 7),
(196, '2014-05-24 13:20:30', 2027, -7, 7),
(197, '2014-05-24 14:34:01', 1960, -7, 7),
(198, '2014-05-24 14:34:16', 1960, -5, 7),
(199, '2014-05-24 14:59:28', 264, -14, 7),
(200, '2014-05-24 14:59:44', 264, -5, 7),
(201, '2014-05-24 14:59:50', 264, -1, 7),
(202, '2014-05-24 15:41:50', 264, -14, 7),
(203, '2014-05-24 15:42:02', 264, -5, 7),
(204, '2014-05-24 15:53:05', 832, -32, 7),
(205, '2014-05-24 15:53:28', 832, -8, 7),
(206, '2014-05-24 16:26:48', 832, -10, 7),
(207, '2014-05-26 16:01:54', 193, -100, 11),
(208, '2014-05-26 17:28:26', 1368, -100, 7),
(209, '2014-05-26 17:28:45', 1368, -7, 7),
(210, '2014-05-26 17:28:53', 1368, -1, 7),
(211, '2014-05-26 17:28:58', 1368, -2, 7),
(212, '2014-05-27 12:37:25', 2495, -10, 12),
(213, '2014-05-27 12:41:02', 2495, -10, 12),
(214, '2014-05-27 14:21:29', 1368, -100, 7),
(215, '2014-05-28 11:38:07', 1368, -100, 7),
(216, '2014-05-28 14:45:02', 1506, -50, 7),
(217, '2014-05-28 18:14:49', 47, -100, 11),
(218, '2014-05-29 06:49:00', 61, -30, 8),
(219, '2014-05-29 14:28:12', 2682, -110, 7),
(220, '2014-05-29 15:33:52', 2495, -42, 7),
(221, '2014-05-29 15:51:57', 2495, -7, 7),
(222, '2014-05-29 18:25:59', 2682, -150, 7),
(223, '2014-05-30 07:32:18', 1506, -100, 7),
(224, '2014-05-30 10:26:27', 2682, -150, 28),
(225, '2014-05-30 10:26:50', 2682, -200, 7),
(226, '2014-05-31 15:23:46', 2682, -300, 50),
(227, '2014-05-31 15:24:18', 2682, -150, 7),
(228, '2014-06-02 15:57:37', 2494, -20, 7),
(229, '2014-06-02 15:57:49', 2494, -1, 7),
(230, '2014-06-02 15:57:55', 2494, -1, 7),
(231, '2014-06-02 15:58:00', 2494, -3, 7),
(232, '2014-06-02 18:00:23', 2682, -150, 7),
(233, '2014-06-03 12:08:22', 193, -100, 11),
(234, '2014-06-03 13:15:35', 206, -30, 8),
(235, '2014-06-03 17:33:14', 2495, -4, 7),
(236, '2014-06-03 19:12:30', 166, -30, 7),
(237, '2014-06-04 10:01:34', 2494, -35, 7),
(238, '2014-06-04 12:02:24', 178, -100, 7),
(239, '2014-06-04 13:01:51', 1960, -30, 7),
(240, '2014-06-06 12:12:48', 2682, -204, 7),
(241, '2014-06-07 08:34:18', 92, -30, 8),
(242, '2014-06-07 09:27:22', 92, -10, 7),
(243, '2014-06-07 21:00:55', 2389, -30, 8),
(244, '2014-06-09 09:44:07', 2682, -32, 7),
(245, '2014-06-10 12:34:21', 178, -100, 7),
(246, '2014-06-13 18:06:46', 69, -30, 8),
(247, '2014-06-20 15:59:05', 1, -200, 31),
(248, '2014-06-22 14:11:32', 1, -30, 8);

-- --------------------------------------------------------

--
-- Table structure for table `fillings`
--

CREATE TABLE IF NOT EXISTS `fillings` (
  `id` int(3) NOT NULL,
  `ownerid` int(8) NOT NULL,
  `ownernick` varchar(24) COLLATE cp1251_bin NOT NULL,
  `day` int(32) NOT NULL,
  `price` int(8) NOT NULL,
  `bank` int(8) NOT NULL,
  `working` tinyint(1) NOT NULL,
  `pumps` int(1) NOT NULL,
  `tanks` varchar(64) COLLATE cp1251_bin NOT NULL,
  `fuel` varchar(64) COLLATE cp1251_bin NOT NULL,
  `fuelprice` varchar(64) COLLATE cp1251_bin NOT NULL
) ENGINE=MyISAM AUTO_INCREMENT=19 DEFAULT CHARSET=cp1251 COLLATE=cp1251_bin;

--
-- Dumping data for table `fillings`
--

INSERT INTO `fillings` (`id`, `ownerid`, `ownernick`, `day`, `price`, `bank`, `working`, `pumps`, `tanks`, `fuel`, `fuelprice`) VALUES
(1, 306, 'Alessandro_Nike', 0, 1000000, 1026280, 0, 1, '500|500|500|500|1500', '4620|4963|4895|4811|4420', '150|150|200|250|300'),
(2, 86, 'Flux_Laim', 0, 1000000, 1218782, 0, 1, '1000|1000|500|500|1000', '3379|4945|4546|4766|4475', '150|150|200|250|300'),
(3, 2, 'Alvares_Rodrigo', 0, 800000, 841909, 0, 1, '1000|500|500|1500|2000', '9000|9000|8955|8975|9000', '80|75|130|180|230'),
(4, 1420, 'Ryan_Long', 0, 800000, 42181, 0, 0, '500|500|500|500|500', '4397|4998|5000|4978|4972', '55|65|115|150|200'),
(5, 1852, 'Sanya_Sharof', 0, 200000, 49668, 0, 1, '500|500|500|500|1000', '4999|5000|4995|4990|4978', '100|150|140|190|300'),
(6, 1911, 'Andrey_Rusov', 0, 20000, 237301, 0, 0, '500|500|500|500|500', '4927|5000|4969|4784|4816', '100|100|140|190|300'),
(7, 4175, 'David_Vincente', 0, 300000, 129013, 0, 1, '1000|1000|1000|1000|2000', '4994|4996|5000|5000|4861', '60|70|110|160|220'),
(8, 10, 'Nikita_Bat', 0, 500000, 3260, 0, 0, '500|500|500|500|500', '4967|5000|5000|5000|5000', '100|100|140|190|240'),
(9, 4324, 'Igor_Corte', 0, 350000, 39113, 0, 1, '500|500|500|500|1000', '4954|5000|4950|4768|4821', '100|100|100|150|200'),
(10, 207, 'Luke_Skywalker', 0, 400000, 226246, 0, 1, '2000|500|1000|1000|1000', '476|491|361|265|112', '70|120|150|200|270'),
(11, 2472, 'Karneg_Messu', 0, 777000, 3615, 0, 1, '1000|500|500|500|500', '4978|5000|5000|5000|5000', '150|0|0|0|0'),
(12, 312, 'Erendzhen_Marconi', 0, 100000, 5158, 0, 0, '500|500|500|500|500', '5000|5000|5000|5000|4979', '100|100|140|190|240'),
(13, 15965, 'Marcus_Lopezo', 0, 550000, 19897, 0, 1, '500|500|500|500|500', '4999|5000|4982|5000|5000', '150|150|200|250|300'),
(14, 1247, 'Sanya_Sharov', 0, 100005, 277740, 0, 1, '1500|1500|1500|1000|1000', '882|999|900|723|666', '150|50|150|190|300'),
(15, 205, 'Igor_Kluchenko', 0, 185000, 403282, 0, 1, '3000|3000|3000|3000|3000', '4598|5000|4912|4777|4494', '100|100|150|200|250'),
(16, 814, 'Dean_Winchester', 0, 550000, 469121, 0, 1, '500|500|500|500|500', '4782|4922|4876|4847|4654', '150|150|200|250|300'),
(17, 1257, 'Anna_Green', 0, 180000, 324, 0, 0, '500|500|500|500|500', '4999|5000|5000|4999|5000', '100|100|140|190|240'),
(18, 31140, 'Jon_Hotn', 0, 3250000, 248547, 0, 1, '2500|2500|2000|3000|4000', '4988|5000|4999|4968|5000', '150|150|200|250|300');

-- --------------------------------------------------------

--
-- Table structure for table `gangs`
--

CREATE TABLE IF NOT EXISTS `gangs` (
  `id` int(5) NOT NULL,
  `ranks` varchar(255) COLLATE cp1251_bin NOT NULL,
  `cars` varchar(30) COLLATE cp1251_bin NOT NULL,
  `dormlimit` int(3) NOT NULL,
  `gunamount` int(5) NOT NULL,
  `ammo` int(5) NOT NULL,
  `aptek` int(5) NOT NULL,
  `money` int(8) NOT NULL,
  `code` int(6) NOT NULL,
  `dorma` int(1) NOT NULL DEFAULT '9',
  `invite` int(2) NOT NULL,
  `uninvite` int(2) NOT NULL,
  `giverank` int(2) NOT NULL
) ENGINE=InnoDB AUTO_INCREMENT=6 DEFAULT CHARSET=cp1251 COLLATE=cp1251_bin;

--
-- Dumping data for table `gangs`
--

INSERT INTO `gangs` (`id`, `ranks`, `cars`, `dormlimit`, `gunamount`, `ammo`, `aptek`, `money`, `code`, `dorma`, `invite`, `uninvite`, `giverank`) VALUES
(1, 'Блейд,Мл.Нигга,Бастер,Гун Бро,Ап Бро,Гангстер,Федерал Блок,Фолкс,Райч Нигга,Биг Вилли', '536|566|422|482|475', 0, 14001, 108032, 6574, 0, 123456, 1, 9, 9, 9),
(2, '‡ 3-1-3 ‡ Baby,‡ 3-1-3 ‡ Tested,‡ 3-1-3 ‡ Certitied,‡ 3-1-3 ‡ Best,‡ 3-1-3 ‡ Nigga,‡ 3-1-3 ‡ Big Nigga,‡ 3-1-3 ‡ Big Ganster,‡ 3-1-3 ‡ Big Bro ,‡ 3-1-3 ‡ Legenda, ‡ 3-1-3 ‡ Daddy ', '419|482|567|576|491', 0, 14300, 1999150, 2913, 0, 123456, 1, 3, 7, 10),
(3, 'Fresco,Certificado,Asesino,Amigo,Toro,Blanco,Tatyador,Padre,Padre Supremo,Capitulo 18 calle', '567|575|536|475|576', 0, 21240, 341905, 1976, 0, 1996, 1, 9, 8, 10),
(4, 'Novato,Espesialista,Espesialista Junior,Espesio Senior,Treinador,Treniador Principial,Assistente,Assesor Senior,Padrino,Padre', '566|534|492|482|536', 0, 30601, 214270, 1151, 0, 123323, 7, 9, 9, 9),
(5, 'Баскетболист,Проверенный,Друг,Бандит,Лоурайдер,Брат,Loco,Veterano,El Suplente,Coronos', '412|536|566|492|482', 0, 4360, 21837, 394, 0, 0, 3, 9, 9, 9);

-- --------------------------------------------------------

--
-- Table structure for table `gangzone`
--

CREATE TABLE IF NOT EXISTS `gangzone` (
  `id` int(4) NOT NULL,
  `ginfo1` varchar(12) CHARACTER SET utf8 NOT NULL DEFAULT '0',
  `ginfo2` varchar(12) CHARACTER SET utf8 NOT NULL DEFAULT '0',
  `ginfo3` varchar(12) CHARACTER SET utf8 NOT NULL DEFAULT '0',
  `ginfo4` varchar(12) CHARACTER SET utf8 NOT NULL DEFAULT '0',
  `fraction` int(3) NOT NULL DEFAULT '0'
) ENGINE=MyISAM AUTO_INCREMENT=233 DEFAULT CHARSET=cp1251;

--
-- Dumping data for table `gangzone`
--

INSERT INTO `gangzone` (`id`, `ginfo1`, `ginfo2`, `ginfo3`, `ginfo4`, `fraction`) VALUES
(1, '1770.060546', '-1283.657470', '1890.060546', '-1183.657470', 3),
(2, '1890.060546', '-1283.657470', '2010.060546', '-1183.657470', 3),
(3, '1650.060546', '-1283.657470', '1770.060546', '-1183.657470', 3),
(4, '2850.060546', '-1383.657470', '2970.060546', '-1283.657470', 6),
(5, '1770.060546', '-2183.657470', '1890.060546', '-2083.657470', 5),
(6, '1890.060546', '-2183.657470', '2010.060546', '-2083.657470', 5),
(7, '2010.060546', '-2183.657470', '2130.060546', '-2083.657470', 5),
(8, '2130.060546', '-2183.657470', '2250.060546', '-2083.657470', 5),
(9, '2730.060546', '-1383.657470', '2850.060546', '-1283.657470', 6),
(10, '2610.060546', '-1383.657470', '2730.060546', '-1283.657470', 6),
(11, '2490.060546', '-1383.657470', '2610.060546', '-1283.657470', 6),
(12, '2370.060546', '-1383.657470', '2490.060546', '-1283.657470', 6),
(13, '2250.060546', '-1383.657470', '2370.060546', '-1283.657470', 6),
(14, '2130.060546', '-1383.657470', '2250.060546', '-1283.657470', 3),
(15, '2010.060546', '-1383.657470', '2130.060546', '-1283.657470', 3),
(16, '1890.060546', '-1383.657470', '2010.060546', '-1283.657470', 3),
(17, '1770.060546', '-1383.657470', '1890.060546', '-1283.657470', 3),
(18, '1650.060546', '-1383.657470', '1770.060546', '-1283.657470', 3),
(19, '2850.060546', '-1483.657470', '2970.060546', '-1383.657470', 6),
(20, '2730.060546', '-1483.657470', '2850.060546', '-1383.657470', 6),
(21, '2610.060546', '-1483.657470', '2730.060546', '-1383.657470', 6),
(22, '2490.060546', '-1483.657470', '2610.060546', '-1383.657470', 6),
(23, '2370.060546', '-1483.657470', '2490.060546', '-1383.657470', 6),
(24, '2250.060546', '-1483.657470', '2370.060546', '-1383.657470', 3),
(25, '2130.060546', '-1483.657470', '2250.060546', '-1383.657470', 3),
(26, '2010.060546', '-1483.657470', '2130.060546', '-1383.657470', 3),
(27, '1890.060546', '-1483.657470', '2010.060546', '-1383.657470', 3),
(28, '1770.060546', '-1483.657470', '1890.060546', '-1383.657470', 3),
(29, '1650.060546', '-1483.657470', '1770.060546', '-1383.657470', 3),
(30, '2850.060546', '-1583.657470', '2970.060546', '-1483.657470', 6),
(31, '2730.060546', '-1583.657470', '2850.060546', '-1483.657470', 6),
(32, '2610.060546', '-1583.657470', '2730.060546', '-1483.657470', 6),
(33, '2490.060546', '-1583.657470', '2610.060546', '-1483.657470', 6),
(34, '2370.060546', '-1583.657470', '2490.060546', '-1483.657470', 6),
(35, '2250.060546', '-1583.657470', '2370.060546', '-1483.657470', 3),
(36, '2130.060546', '-1583.657470', '2250.060546', '-1483.657470', 3),
(37, '2010.060546', '-1583.657470', '2130.060546', '-1483.657470', 3),
(38, '1890.060546', '-1583.657470', '2010.060546', '-1483.657470', 3),
(39, '1770.060546', '-1583.657470', '1890.060546', '-1483.657470', 3),
(40, '1650.060546', '-1583.657470', '1770.060546', '-1483.657470', 3),
(41, '2850.060546', '-1683.657470', '2970.060546', '-1583.657470', 4),
(42, '2730.060546', '-1683.657470', '2850.060546', '-1583.657470', 4),
(43, '2610.060546', '-1683.657470', '2730.060546', '-1583.657470', 4),
(44, '2490.060546', '-1683.657470', '2610.060546', '-1583.657470', 4),
(45, '2370.060546', '-1683.657470', '2490.060546', '-1583.657470', 4),
(46, '2250.060546', '-1683.657470', '2370.060546', '-1583.657470', 4),
(47, '2130.060546', '-1683.657470', '2250.060546', '-1583.657470', 4),
(48, '2010.060546', '-1683.657470', '2130.060546', '-1583.657470', 4),
(49, '1890.060546', '-1683.657470', '2010.060546', '-1583.657470', 4),
(50, '1770.060546', '-1683.657470', '1890.060546', '-1583.657470', 4),
(51, '1650.060546', '-1683.657470', '1770.060546', '-1583.657470', 4),
(52, '2850.060546', '-1783.657470', '2970.060546', '-1683.657470', 4),
(53, '2730.060546', '-1783.657470', '2850.060546', '-1683.657470', 4),
(54, '2610.060546', '-1783.657470', '2730.060546', '-1683.657470', 4),
(55, '2490.060546', '-1783.657470', '2610.060546', '-1683.657470', 4),
(56, '2370.060546', '-1783.657470', '2490.060546', '-1683.657470', 4),
(57, '2250.060546', '-1783.657470', '2370.060546', '-1683.657470', 4),
(58, '2130.060546', '-1783.657470', '2250.060546', '-1683.657470', 4),
(59, '2010.060546', '-1783.657470', '2130.060546', '-1683.657470', 4),
(60, '1890.060546', '-1783.657470', '2010.060546', '-1683.657470', 4),
(61, '1770.060546', '-1783.657470', '1890.060546', '-1683.657470', 4),
(62, '1650.060546', '-1783.657470', '1770.060546', '-1683.657470', 4),
(63, '2850.060546', '-1883.657470', '2970.060546', '-1783.657470', 4),
(64, '2730.060546', '-1883.657470', '2850.060546', '-1783.657470', 4),
(65, '2610.060546', '-1883.657470', '2730.060546', '-1783.657470', 4),
(66, '2490.060546', '-1883.657470', '2610.060546', '-1783.657470', 4),
(67, '2370.060546', '-1883.657470', '2490.060546', '-1783.657470', 4),
(68, '2250.060546', '-1883.657470', '2370.060546', '-1783.657470', 4),
(69, '2130.060546', '-1883.657470', '2250.060546', '-1783.657470', 4),
(70, '2010.060546', '-1883.657470', '2130.060546', '-1783.657470', 4),
(71, '1890.060546', '-1883.657470', '2010.060546', '-1783.657470', 4),
(72, '1770.060546', '-1883.657470', '1890.060546', '-1783.657470', 4),
(73, '1650.060546', '-1883.657470', '1770.060546', '-1883.657470', 3),
(74, '2850.060546', '-1983.657470', '2970.060546', '-1883.657470', 4),
(75, '2730.060546', '-1983.657470', '2850.060546', '-1883.657470', 4),
(76, '2610.060546', '-1983.657470', '2730.060546', '-1883.657470', 4),
(77, '2490.060546', '-1983.657470', '2610.060546', '-1883.657470', 4),
(78, '2370.060546', '-1983.657470', '2490.060546', '-1883.657470', 4),
(79, '2250.060546', '-1983.657470', '2370.060546', '-1883.657470', 5),
(80, '2130.060546', '-1983.657470', '2250.060546', '-1883.657470', 4),
(81, '2010.060546', '-1983.657470', '2130.060546', '-1883.657470', 4),
(82, '1890.060546', '-1983.657470', '2010.060546', '-1883.657470', 4),
(83, '1770.060546', '-1983.657470', '1890.060546', '-1883.657470', 4),
(84, '1650.060546', '-1983.657470', '1770.060546', '-1883.657470', 4),
(85, '2850.060546', '-2083.657470', '2970.060546', '-1983.657470', 5),
(86, '2730.060546', '-2083.657470', '2850.060546', '-1983.657470', 5),
(87, '2610.060546', '-2083.657470', '2730.060546', '-1983.657470', 5),
(88, '2490.060546', '-2083.657470', '2610.060546', '-1983.657470', 5),
(89, '2370.060546', '-2083.657470', '2490.060546', '-1983.657470', 5),
(90, '2250.060546', '-2083.657470', '2370.060546', '-1983.657470', 5),
(91, '2130.060546', '-2083.657470', '2250.060546', '-1983.657470', 5),
(92, '2010.060546', '-2083.657470', '2130.060546', '-1983.657470', 5),
(93, '1890.060546', '-2083.657470', '2010.060546', '-1983.657470', 5),
(94, '1770.060546', '-2083.657470', '1890.060546', '-1983.657470', 5),
(95, '1650.060546', '-2083.657470', '1770.060546', '-1983.657470', 4),
(96, '2850.060546', '-2183.657470', '2970.060546', '-2083.657470', 5),
(97, '2730.060546', '-2183.657470', '2850.060546', '-2083.657470', 5),
(98, '2610.060546', '-2183.657470', '2730.060546', '-2083.657470', 5),
(99, '2490.060546', '-2183.657470', '2610.060546', '-2083.657470', 5),
(100, '2370.060546', '-2183.657470', '2490.060546', '-2083.657470', 5),
(101, '2250.060546', '-2183.657470', '2370.060546', '-2083.657470', 5),
(102, '1650.060546', '-2183.657470', '1770.060546', '-2083.657470', 5),
(103, '2010.060546', '-1283.657470', '2130.060546', '-1183.657470', 3),
(104, '2130.060546', '-1283.657470', '2250.060546', '-1183.657470', 3),
(105, '2250.060546', '-1283.657470', '2370.060546', '-1183.657470', 6),
(106, '2370.060546', '-1283.657470', '2490.060546', '-1183.657470', 6),
(107, '2490.060546', '-1283.657470', '2610.060546', '-1183.657470', 6),
(108, '2610.060546', '-1283.657470', '2730.060546', '-1183.657470', 6),
(109, '2730.060546', '-1283.657470', '2850.060546', '-1183.657470', 6),
(110, '2850.060546', '-1283.657470', '2970.060546', '-1183.657470', 6),
(111, '1650.060546', '-1183.657470', '1770.060546', '-1083.657470', 3),
(112, '1770.060546', '-1183.657470', '1890.060546', '-1083.657470', 3),
(113, '1890.060546', '-1183.657470', '2010.060546', '-1083.657470', 3),
(114, '2010.060546', '-1183.657470', '2130.060546', '-1083.657470', 3),
(115, '2130.060546', '-1183.657470', '2250.060546', '-1083.657470', 3),
(116, '2250.060546', '-1183.657470', '2370.060546', '-1083.657470', 3),
(117, '2370.060546', '-1183.657470', '2490.060546', '-1083.657470', 6),
(118, '2490.060546', '-1183.657470', '2610.060546', '-1083.657470', 6),
(119, '2610.060546', '-1183.657470', '2730.060546', '-1083.657470', 6),
(120, '2730.060546', '-1183.657470', '2850.060546', '-1083.657470', 6),
(121, '2850.060546', '-1183.657470', '2970.060546', '-1083.657470', 6),
(122, '1650.060546', '-1083.657470', '1770.060546', '-983.657470', 3),
(123, '1770.060546', '-1083.657470', '1890.060546', '-983.657470', 3),
(124, '1890.060546', '-1083.657470', '2010.060546', '-983.657470', 3),
(125, '2010.060546', '-1083.657470', '2130.060546', '-983.657470', 3),
(126, '2130.060546', '-1083.657470', '2250.060546', '-983.657470', 3),
(127, '2250.060546', '-1083.657470', '2370.060546', '-983.657470', 3),
(128, '2370.060546', '-1083.657470', '2490.060546', '-983.657470', 6),
(129, '2490.060546', '-1083.657470', '2610.060546', '-983.657470', 6),
(130, '2610.060546', '-1083.657470', '2730.060546', '-983.657470', 6),
(131, '2730.060546', '-1083.657470', '2850.060546', '-983.657470', 6),
(132, '2850.060546', '-1083.657470', '2970.060546', '-983.657470', 6);

-- --------------------------------------------------------

--
-- Table structure for table `hints`
--

CREATE TABLE IF NOT EXISTS `hints` (
  `id` int(5) NOT NULL,
  `x` float NOT NULL,
  `y` float NOT NULL,
  `z` float NOT NULL,
  `r` float NOT NULL,
  `sx` float NOT NULL,
  `sy` float NOT NULL,
  `sz` float NOT NULL,
  `sr` float NOT NULL,
  `interior` int(2) NOT NULL,
  `description` varchar(50) COLLATE cp1251_bin NOT NULL
) ENGINE=InnoDB AUTO_INCREMENT=43 DEFAULT CHARSET=cp1251 COLLATE=cp1251_bin;

--
-- Dumping data for table `hints`
--

INSERT INTO `hints` (`id`, `x`, `y`, `z`, `r`, `sx`, `sy`, `sz`, `sr`, `interior`, `description`) VALUES
(1, 2233.57, -1114.97, 1050.88, 358.299, 2230.48, -1107.75, 1050.88, 272.758, 5, 'Светлая комната с 2-х спальной кроватью'),
(2, 2196.6, -1204.51, 1049.02, 91.6726, 2189.2, -1219.15, 1049.02, 352.827, 6, 'Дом с зелеными стенами'),
(3, 2317.82, -1026.76, 1050.22, 354.248, 2325.1, -1007.82, 1054.72, 178.322, 9, 'особняк с зеркальными полами'),
(4, 2259.39, -1135.64, 1050.64, 270.298, 2264.04, -1141.45, 1050.63, 359.912, 10, 'ободранная квартира/дом'),
(5, 2365.17, -1135.58, 1050.88, 357.068, 2358.98, -1131.58, 1050.88, 266.393, 8, 'дом с зеркальными полами'),
(6, 2282.99, -1140.27, 1050.9, 356.778, 2285.17, -1133.77, 1050.9, 94.9977, 11, 'однокомнатный дом/квартира. Комфортный и маленький'),
(7, 2218.4, -1076.32, 1050.48, 72.2927, 2205.11, -1071.47, 1050.48, 174.249, 1, 'однокомнатный дом/квартира. с красными стенами'),
(8, 83.014, 1322.29, 1083.87, 1.69824, 79.2619, 1337.67, 1088.37, 349.96, 9, 'еще один особняк'),
(9, 234.381, 1063.73, 1084.21, 2.01149, 237.359, 1082.94, 1087.82, 170.105, 6, 'особняк, очень большой, но темный'),
(10, 243.742, 304.976, 999.148, 269.891, 247.015, 301.828, 999.148, 356.998, 1, 'ободранная однокомнатная квартира'),
(11, 266.515, 304.944, 999.148, 265.168, 271.431, 308.121, 999.148, 174.637, 2, 'однокомнатная, очень светлая квартира'),
(12, 2468.45, -1698.35, 1013.51, 92.5746, 2450.05, -1702, 1013.51, 275.035, 2, 'Темный корридор с гостинной'),
(13, 2496.03, -1692.42, 1014.74, 181.249, 2492.64, -1703.11, 1018.34, 169.464, 3, 'CJ интерьер'),
(14, 2269.84, -1210.43, 1047.56, 92.2165, 2251.72, -1209.5, 1049.02, 265.468, 10, 'Просторная гостинная,вход с лестницы.'),
(15, 227.344, 1114.22, 1081, 271.062, 234.029, 1109.56, 1085.01, 6.60592, 5, 'Зеленый интерьер,большой,2этажа.'),
(16, 235.405, 1186.98, 1080.26, 2.701, 232.795, 1201.81, 1084.42, 207.455, 3, 'Особняк 2 этажа,темный.'),
(17, 225.971, 1239.97, 1082.14, 91.0382, 223.639, 1251.37, 1082.15, 91.1831, 2, 'Голубой ,кухня зерк полы.'),
(18, 223.217, 1287.64, 1082.14, 3.3038, 231.444, 1290.18, 1082.14, 91.2065, 1, 'Зеленый 1 комната.'),
(19, 23.8918, 1340.54, 1084.38, 357.678, 27.7965, 1348.01, 1088.88, 267.82, 10, 'светлый,двух-этажный особняк'),
(20, 295.133, 1472.56, 1080.26, 1.4707, 294.194, 1487.38, 1080.26, 187.737, 15, 'Многокомнатный,корридор.'),
(21, 2324.35, -1148.76, 1050.71, 354.638, 2337.82, -1138.28, 1054.3, 178.566, 12, 'широкий особняк,2 этажа'),
(22, -261.195, 1456.73, 1084.37, 95.1205, -274.975, 1450.16, 1088.87, 1.31134, 4, '2-этажный особняк с багами'),
(23, 328.007, 1478.36, 1084.44, 0.1398, 330.764, 1489.56, 1084.44, 162.28, 15, 'Каменный,смуглый '),
(24, 22.9166, 1403.98, 1084.43, 357.72, 20.2279, 1416.06, 1084.43, 180.249, 5, '1 этаж,темный,уютный интерьер'),
(25, 386.502, 1471.72, 1080.19, 92.5512, 373.049, 1462.83, 1080.19, 331.772, 15, 'Многокомнатный,светлый.'),
(26, 376.324, 1417.27, 1081.33, 86.6211, 359.628, 1416.02, 1081.34, 189.54, 15, 'Длинный,фиолетовый.'),
(27, 447.25, 1397.76, 1084.3, 1.3703, 455.384, 1415.07, 1084.31, 161.653, 2, 'Длинный,высокий,много комнат.'),
(28, 140.342, 1366.7, 1083.86, 356.404, 137.146, 1385.06, 1088.37, 265.101, 5, 'большой особняк с картинами, по центру лестница'),
(29, 491.169, 1398.91, 1080.26, 2.0439, 491.162, 1420.6, 1084.37, 177.681, 2, 'Красный,2 этажа.'),
(30, 234.149, 1064.4, 1084.21, 354.523, 236.775, 1082.44, 1087.82, 87.4161, 6, 'большой особняк,уютный,темный'),
(31, 261.112, 1284.91, 1080.26, 355.899, 256.311, 1290.84, 1080.27, 205.811, 4, 'Узкий,лабиринтообразный.'),
(32, -68.8663, 1351.94, 1080.21, 1.3932, -70.2393, 1362.66, 1080.21, 268.188, 6, '1 этаж,коричневые стены,обшарпанные потолки'),
(33, 2807.55, -1174.22, 1025.57, 359.851, 2816.06, -1169.01, 1029.17, 90.5266, 8, '2 этажа,пушка в гостинной,уютный'),
(34, 2217.45, -1076.34, 1050.48, 86.2849, 2206.45, -1073.43, 1050.48, 177.176, 1, '1 комната,красный интерьер,белое окно'),
(35, 2237.53, -1081.1, 1049.02, 357.634, 2243.92, -1078.82, 1049.02, 357.367, 2, '1этаж,голубой пол в прихожей,красные горшки'),
(36, 2365.33, -1135.16, 1050.88, 2.7174, 2360.45, -1132.71, 1050.88, 269.68, 8, '1этаж,зеркальные полы,очень уютный'),
(37, -42.6872, 1405.89, 1084.43, 1.4874, -50.5177, 1408.57, 1084.43, 268.282, 8, '1этаж,темный интерьер,темно-зеленая кухня'),
(38, 82.9296, 1322.94, 1083.87, 3.1521, 93.8073, 1340.1, 1088.37, 273.538, 9, '2 этажа,темно-красная лестница слева,уютный'),
(39, 260.602, 1237.93, 1084.26, 5.5135, 257.968, 1254.04, 1084.26, 86.6679, 9, '1этаж, зеленый цветок у входа слева,светильник,уют'),
(40, 244.211, 305.121, 999.148, 273.123, 247.029, 303.004, 999.148, 0.688418, 1, '1 комната, с плакатами (времянка)'),
(41, 422.148, 2536.35, 10, 92.0123, 416.287, 2539.94, 10, 178.719, 10, '1 комната,с буржуйкой (времянка)'),
(42, 226.17, 1239.97, 1082.14, 90.3812, 225.499, 1252.73, 1082.14, 91.153, 2, '1 этаж,темный интерьер,кухня-зеркальные полы');

-- --------------------------------------------------------

--
-- Table structure for table `houses`
--

CREATE TABLE IF NOT EXISTS `houses` (
  `id` int(4) NOT NULL,
  `class` int(1) NOT NULL,
  `day` int(11) NOT NULL,
  `price` int(8) NOT NULL,
  `hint` int(2) NOT NULL,
  `improve` varchar(16) COLLATE cp1251_bin NOT NULL,
  `gun` varchar(64) COLLATE cp1251_bin NOT NULL DEFAULT '0|0|0|0|0|0|0|0|0',
  `skin` varchar(24) COLLATE cp1251_bin NOT NULL,
  `safecode` int(4) NOT NULL DEFAULT '0',
  `safemoney` int(11) NOT NULL,
  `drugs` int(11) NOT NULL,
  `products` int(3) NOT NULL,
  `close` tinyint(1) NOT NULL,
  `x` float NOT NULL,
  `y` float NOT NULL,
  `z` float NOT NULL,
  `r` float NOT NULL,
  `parkx` float NOT NULL,
  `parky` float NOT NULL,
  `parkz` float NOT NULL,
  `parkr` float NOT NULL,
  `ownerid` int(11) NOT NULL,
  `owner` varchar(24) COLLATE cp1251_bin NOT NULL,
  `inhabit2id` int(11) NOT NULL,
  `inhabit3id` int(11) NOT NULL,
  `inhabit4id` int(11) NOT NULL,
  `inhabit2` varchar(24) COLLATE cp1251_bin NOT NULL,
  `inhabit3` varchar(24) COLLATE cp1251_bin NOT NULL,
  `inhabit4` varchar(24) COLLATE cp1251_bin NOT NULL
) ENGINE=InnoDB AUTO_INCREMENT=301 DEFAULT CHARSET=cp1251 COLLATE=cp1251_bin;

--
-- Dumping data for table `houses`
--

INSERT INTO `houses` (`id`, `class`, `day`, `price`, `hint`, `improve`, `gun`, `skin`, `safecode`, `safemoney`, `drugs`, `products`, `close`, `x`, `y`, `z`, `r`, `parkx`, `parky`, `parkz`, `parkr`, `ownerid`, `owner`, `inhabit2id`, `inhabit3id`, `inhabit4id`, `inhabit2`, `inhabit3`, `inhabit4`) VALUES
(1, 0, 0, 45000, 3, '0|0|0|0|0', '0|0|0|0|0|0|0|0|0', '0|0|0|0', 0, 0, 0, 0, 1, 2284.08, -1046.03, 49.8871, 326.09, 2282.91, -1051.1, 49.0806, 59.5459, 0, '', 0, 0, 0, '', '', ''),
(2, 1, 0, 95000, 18, '0|0|0|0|0', '0|0|0|0|0|0|0|0|0', '0|0|0|0', 0, 0, 0, 0, 0, 2628.1, -1067.88, 69.7156, 85.1117, 2637.16, -1068.15, 69.1836, 180.005, 0, '', 0, 0, 0, '', '', ''),
(3, 1, 0, 95000, 18, '0|0|0|0|0', '0|0|0|0|0|0|0|0|0', '0|0|0|0', 0, 0, 0, 0, 0, 2627.64, -1085.16, 69.7156, 92.557, 2637.15, -1083.88, 69.178, 179.417, 0, '', 0, 0, 0, '', '', ''),
(4, 1, 0, 92000, 18, '0|0|0|0|0', '0|0|0|0|0|0|0|0|0', '0|0|0|0', 0, 0, 0, 0, 0, 2625.93, -1098.68, 69.3633, 89.5055, 2637.2, -1100.73, 68.7323, 180.486, 0, '', 0, 0, 0, '', '', ''),
(5, 1, 0, 92000, 18, '0|0|0|0|0', '0|0|0|0|0|0|0|0|0', '0|0|0|0', 0, 0, 0, 0, 0, 2625.94, -1112.64, 67.9953, 90.2371, 2637.26, -1113.57, 67.4372, 181.5, 0, '', 0, 0, 0, '', '', ''),
(6, 0, 0, 75000, 17, '0|0|0|0|0', '0|0|0|0|0|0|0|0|0', '0|0|0|0', 0, 0, 0, 0, 1, 2576.68, -1070.74, 69.8322, 268.705, 2566.3, -1067.39, 68.8512, 349.38, 0, '', 0, 0, 0, '', '', ''),
(7, 0, 0, 80000, 17, '0|0|0|0|0', '0|0|0|0|0|0|0|0|0', '0|0|0|0', 0, 0, 0, 0, 0, 2572.34, -1091.81, 67.2257, 227.883, 2569.43, -1100.22, 65.8805, 46.3894, 0, '', 0, 0, 0, '', '', ''),
(8, 0, 0, 55000, 39, '0|0|0|0|0', '0|0|0|0|0|0|0|0|0', '0|0|0|0', 0, 0, 0, 0, 1, 2579.69, -1033.2, 69.5798, 358.434, 2586.9, -1034.98, 69.2288, 175.265, 0, '', 0, 0, 0, '', '', ''),
(9, 0, 0, 55000, 39, '0|0|0|0|0', '0|0|0|0|0|0|0|0|0', '0|0|0|0', 0, 0, 0, 0, 1, 2562.12, -1034.28, 69.8692, 262.265, 2570.44, -1029.44, 69.2306, 176.691, 0, '', 0, 0, 0, '', '', ''),
(10, 0, 0, 55000, 39, '0|0|0|0|0', '0|0|0|0|0|0|0|0|0', '0|0|0|0', 0, 0, 0, 0, 0, 2549.2, -1032.21, 69.5788, 90.7721, 2541.72, -1034.99, 69.2288, 180.031, 0, '', 0, 0, 0, '', '', ''),
(11, 0, 0, 55000, 39, '0|0|0|0|0', '0|0|0|0|0|0|0|0|0', '0|0|0|0', 0, 0, 0, 0, 0, 2526.9, -1033.52, 69.5794, 1.24128, 2535.38, -1027.31, 69.2282, 177.458, 0, '', 0, 0, 0, '', '', ''),
(12, 0, 0, 55000, 39, '0|0|0|0|0', '0|0|0|0|0|0|0|0|0', '0|0|0|0', 0, 0, 0, 0, 0, 2512.75, -1027.16, 70.0859, 358.108, 2503.61, -1023.27, 69.7337, 175.152, 0, '', 0, 0, 0, '', '', ''),
(13, 0, 0, 55000, 39, '0|0|0|0|0', '0|0|0|0|0|0|0|0|0', '0|0|0|0', 0, 0, 0, 0, 1, 2491.35, -1012.33, 65.3984, 244.516, 2486.82, -1013.36, 65.0172, 150.955, 0, '', 0, 0, 0, '', '', ''),
(14, 0, 0, 55000, 39, '0|0|0|0|0', '0|0|0|0|0|0|0|0|0', '0|0|0|0', 0, 0, 0, 0, 1, 2462.36, -1011.12, 60.1137, 358.055, 2454.39, -1009.69, 59.4209, 175.602, 0, '', 0, 0, 0, '', '', ''),
(15, 0, 0, 55000, 39, '0|0|0|0|0', '0|0|0|0|0|0|0|0|0', '0|0|0|0', 0, 0, 0, 0, 0, 2439.88, -1010.83, 54.3438, 105.145, 2429.41, -1016.5, 53.9589, 193.093, 0, '', 0, 0, 0, '', '', ''),
(16, 0, 0, 55000, 39, '0|0|0|0|0', '0|0|0|0|0|0|0|0|0', '0|0|0|0', 0, 0, 0, 0, 0, 2534.48, -1063.47, 69.5654, 274.028, 2543.06, -1059.23, 69.218, 270.762, 0, '', 0, 0, 0, '', '', ''),
(17, 0, 0, 55000, 39, '0|0|0|0|0', '0|0|0|0|0|0|0|0|0', '0|0|0|0', 0, 0, 0, 0, 1, 2526.09, -1060.66, 69.9708, 92.4382, 2530.69, -1067.65, 69.2136, 1.7718, 0, '', 0, 0, 0, '', '', ''),
(18, 0, 0, 55000, 39, '0|0|0|0|0', '0|0|0|0|0|0|0|0|0', '0|0|0|0', 0, 0, 0, 0, 0, 2499.75, -1065.59, 70.2359, 275.285, 2503.37, -1052.71, 68.6821, 265.143, 0, '', 0, 0, 0, '', '', ''),
(19, 0, 0, 55000, 39, '0|0|0|0|0', '0|0|0|0|0|0|0|0|0', '0|0|0|0', 0, 0, 0, 0, 1, 2479.67, -1064.02, 66.9982, 253.145, 2474.81, -1060.63, 66.4842, 343.486, 0, '', 0, 0, 0, '', '', ''),
(20, 0, 0, 55000, 39, '0|0|0|0|0', '0|0|0|0|0|0|0|0|0', '0|0|0|0', 0, 0, 0, 0, 0, 2457.76, -1054.65, 59.9592, 267.987, 2451.99, -1056.29, 59.3877, 355.933, 0, '', 0, 0, 0, '', '', ''),
(21, 0, 0, 55000, 39, '0|0|0|0|0', '0|0|0|0|0|0|0|0|0', '0|0|0|0', 0, 0, 0, 0, 0, 2440.58, -1057.34, 54.7387, 182.807, 2432.37, -1058.78, 53.9884, 2.1893, 0, '', 0, 0, 0, '', '', ''),
(22, 0, 0, 55000, 39, '0|0|0|0|0', '0|0|0|0|0|0|0|0|0', '0|0|0|0', 0, 0, 0, 0, 1, 2389.24, -1037.06, 53.5472, 45.8478, 2394.61, -1046.99, 52.1454, 136.721, 0, '', 0, 0, 0, '', '', ''),
(23, 0, 0, 55000, 39, '0|0|0|0|0', '0|0|0|0|0|0|0|0|0', '0|0|0|0', 0, 0, 0, 0, 1, 2370.23, -1034.55, 54.4106, 0.081564, 2379.21, -1033.92, 53.5787, 136.932, 0, '', 0, 0, 0, '', '', ''),
(24, 0, 0, 53000, 39, '0|0|0|0|0', '0|0|0|0|0|0|0|0|0', '0|0|0|0', 0, 0, 0, 0, 1, 2355.57, -1038.57, 54.3358, 17.0381, 2361.97, -1035.7, 53.8613, 179.412, 0, '', 0, 0, 0, '', '', ''),
(25, 0, 0, 55000, 39, '0|0|0|0|0', '0|0|0|0|0|0|0|0|0', '0|0|0|0', 0, 0, 0, 0, 0, 2335.03, -1046.01, 52.5529, 181.145, 2334.61, -1040.32, 52.1242, 278.927, 0, '', 0, 0, 0, '', '', ''),
(26, 0, 0, 55000, 39, '0|0|0|0|0', '0|0|0|0|0|0|0|0|0', '0|0|0|0', 0, 0, 0, 0, 0, 2348.06, -1047.58, 53.857, 195.24, 2343.83, -1050.81, 52.8138, 192.542, 0, '', 0, 0, 0, '', '', ''),
(27, 0, 0, 55000, 39, '0|0|0|0|0', '0|0|0|0|0|0|0|0|0', '0|0|0|0', 0, 0, 0, 0, 0, 2362.74, -1046.4, 54.2733, 20.0754, 2367.83, -1042.86, 53.8084, 201.214, 0, '', 0, 0, 0, '', '', ''),
(28, 0, 0, 54000, 39, '0|0|0|0|0', '0|0|0|0|0|0|0|0|0', '0|0|0|0', 0, 0, 0, 0, 1, 2355.82, -1058.79, 54.078, 21.0526, 2348.91, -1058.69, 53.4683, 18.7932, 0, '', 0, 0, 0, '', '', ''),
(29, 0, 0, 55000, 39, '0|0|0|0|0', '0|0|0|0|0|0|0|0|0', '0|0|0|0', 0, 0, 0, 0, 1, 2297.68, -1053.06, 49.934, 334.114, 2307.73, -1053.86, 49.7962, 163.115, 0, '', 0, 0, 0, '', '', ''),
(30, 0, 0, 52000, 39, '0|0|0|0|0', '0|0|0|0|0|0|0|0|0', '0|0|0|0', 0, 0, 0, 0, 0, 2319.76, -1053.25, 52.4608, 286.988, 2324.57, -1048.54, 51.9998, 185.791, 0, '', 0, 0, 0, '', '', ''),
(31, 0, 0, 52000, 39, '0|0|0|0|0', '0|0|0|0|0|0|0|0|0', '0|0|0|0', 0, 0, 0, 0, 1, 2330.13, -1060.91, 52.4686, 182.862, 2336.28, -1061.24, 52.0052, 9.3009, 0, '', 0, 0, 0, '', '', ''),
(32, 0, 0, 55000, 39, '0|0|0|0|0', '0|0|0|0|0|0|0|0|0', '0|0|0|0', 0, 0, 0, 0, 0, 2454.18, -965.028, 80.0731, 89.4881, 2451.45, -956.182, 79.7061, 267.714, 0, '', 0, 0, 0, '', '', ''),
(33, 0, 0, 55000, 39, '0|0|0|0|0', '0|0|0|0|0|0|0|0|0', '0|0|0|0', 0, 0, 0, 0, 0, 2459.49, -947.702, 80.0831, 358.044, 2468.35, -945.089, 79.7404, 177.099, 0, '', 0, 0, 0, '', '', ''),
(34, 0, 0, 55000, 39, '0|0|0|0|0', '0|0|0|0|0|0|0|0|0', '0|0|0|0', 0, 0, 0, 0, 1, 2472.4, -962.044, 80.5255, 0.470222, 2478.2, -961.763, 80.0096, 178.217, 0, '', 0, 0, 0, '', '', ''),
(35, 0, 0, 55000, 39, '0|0|0|0|0', '0|0|0|0|0|0|0|0|0', '0|0|0|0', 0, 0, 0, 0, 0, 2492.1, -965.744, 82.5489, 267.134, 2492.79, -952.657, 81.8911, 269.16, 0, '', 0, 0, 0, '', '', ''),
(36, 0, 0, 55000, 39, '0|0|0|0|0', '0|0|0|0|0|0|0|0|0', '0|0|0|0', 0, 0, 0, 0, 0, 2499.51, -946.997, 82.4708, 358.917, 2505.61, -943.802, 82.0414, 304.284, 0, '', 0, 0, 0, '', '', ''),
(37, 0, 0, 55000, 39, '0|0|0|0|0', '0|0|0|0|0|0|0|0|0', '0|0|0|0', 0, 0, 0, 0, 0, 2517.86, -965.416, 82.3284, 92.9388, 2510.14, -967.636, 81.8378, 271.147, 0, '', 0, 0, 0, '', '', ''),
(38, 0, 0, 55000, 39, '0|0|0|0|0', '0|0|0|0|0|0|0|0|0', '0|0|0|0', 0, 0, 0, 0, 1, 2552.02, -958.261, 82.6204, 100.463, 2556.5, -960.919, 82.3367, 187.712, 0, '', 0, 0, 0, '', '', ''),
(39, 0, 0, 55000, 39, '0|0|0|0|0', '0|0|0|0|0|0|0|0|0', '0|0|0|0', 0, 0, 0, 0, 1, 2581.51, -969.314, 81.3646, 282.15, 2588.38, -965.718, 81.0199, 281.518, 0, '', 0, 0, 0, '', '', ''),
(40, 0, 0, 55000, 39, '0|0|0|0|0', '0|0|0|0|0|0|0|0|0', '0|0|0|0', 0, 0, 0, 0, 1, 2582.94, -952.921, 81.3882, 11.7998, 2591.93, -946.154, 81.0444, 193.243, 0, '', 0, 0, 0, '', '', ''),
(41, 0, 0, 90000, 22, '0|0|0|0|0', '0|0|0|0|0|0|0|0|0', '0|0|0|0', 0, 0, 0, 0, 0, 2287.51, -1081.05, 48.2476, 155.152, 2293.24, -1080.48, 47.0964, 254.202, 0, '', 0, 0, 0, '', '', ''),
(42, 1, 0, 90000, 22, '0|0|0|0|0', '0|0|0|0|0|0|0|0|0', '0|0|0|0', 0, 0, 0, 0, 0, 2278.75, -1077.42, 48.2413, 153.729, 2276.23, -1073.68, 47.2268, 245.006, 0, '', 0, 0, 0, '', '', ''),
(43, 1, 0, 95000, 28, '0|0|0|0|0', '0|0|0|0|0|0|0|0|0', '0|0|0|0', 0, 0, 0, 0, 0, 2249.31, -1060.3, 55.9688, 139.08, 2243.83, -1047.8, 53.3678, 226.008, 0, '', 0, 0, 0, '', '', ''),
(44, 1, 0, 95000, 28, '0|0|0|0|0', '0|0|0|0|0|0|0|0|0', '0|0|0|0', 0, 0, 0, 0, 1, 2218.89, -1031.8, 60.2692, 145.701, 2221, -1046.54, 57.3834, 315.555, 0, '', 0, 0, 0, '', '', ''),
(45, 2, 0, 120000, 14, '0|0|0|0|0', '0|0|0|0|0|0|0|0|0', '0|0|0|0', 0, 0, 0, 0, 0, 2208.11, -1026.6, 61.351, 153.732, 2208.46, -1022.62, 60.5141, 241.587, 0, '', 0, 0, 0, '', '', ''),
(46, 2, 0, 120000, 7, '0|0|0|0|0', '0|0|0|0|0|0|0|0|0', '0|0|0|0', 0, 0, 0, 0, 1, 2259.43, -1019.11, 59.2972, 48.3132, 2264.06, -1036.32, 52.006, 136.598, 0, '', 0, 0, 0, '', '', ''),
(47, 1, 0, 100000, 32, '0|0|0|0|0', '0|0|0|0|0|0|0|0|0', '0|0|0|0', 0, 0, 0, 0, 0, 2186.45, -997.315, 66.4688, 346.935, 2179.23, -1002.06, 62.494, 78.9367, 0, '', 0, 0, 0, '', '', ''),
(48, 0, 0, 55000, 39, '0|0|0|0|0', '0|0|0|0|0|0|0|0|0', '0|0|0|0', 0, 0, 0, 0, 1, 2154.1, -979.934, 63.2934, 255.02, 2149.82, -996.116, 61.9199, 74.8235, 0, '', 0, 0, 0, '', '', ''),
(49, 0, 0, 55000, 39, '0|0|0|0|0', '0|0|0|0|0|0|0|0|0', '0|0|0|0', 0, 0, 0, 0, 1, 2142.69, -978.119, 61.3793, 75.5071, 2138.26, -992.92, 60.2597, 72.0013, 0, '', 0, 0, 0, '', '', ''),
(50, 0, 0, 55000, 39, '0|0|0|0|0', '0|0|0|0|0|0|0|0|0', '0|0|0|0', 0, 0, 0, 0, 0, 2131.95, -974.034, 59.7856, 254.51, 2126.9, -989.309, 58.1459, 73.5828, 0, '', 0, 0, 0, '', '', ''),
(51, 0, 0, 55000, 39, '0|0|0|0|0', '0|0|0|0|0|0|0|0|0', '0|0|0|0', 0, 0, 0, 0, 1, 2122.06, -970.258, 58.2074, 74.6549, 2116.08, -986.111, 55.8657, 74.2257, 0, '', 0, 0, 0, '', '', ''),
(52, 1, 0, 90000, 7, '0|0|0|0|0', '0|0|0|0|0|0|0|0|0', '0|0|0|0', 0, 0, 0, 0, 0, 2073.45, -965.17, 49.3916, 347.831, 2076.05, -973.1, 49.1091, 169.307, 0, '', 0, 0, 0, '', '', ''),
(53, 1, 0, 90000, 7, '0|0|0|0|0', '0|0|0|0|0|0|0|0|0', '0|0|0|0', 0, 0, 0, 0, 1, 2051.27, -954.726, 48.0338, 268.482, 2054.31, -970.203, 45.2939, 172.552, 0, '', 0, 0, 0, '', '', ''),
(54, 1, 0, 90000, 7, '0|0|0|0|0', '0|0|0|0|0|0|0|0|0', '0|0|0|0', 0, 0, 0, 0, 0, 2045.17, -965.819, 44.5557, 272.814, 2031.24, -961.953, 40.7288, 191.124, 0, '', 0, 0, 0, '', '', ''),
(55, 1, 0, 90000, 7, '0|0|0|0|0', '0|0|0|0|0|0|0|0|0', '0|0|0|0', 0, 0, 0, 0, 0, 2015.48, -977.617, 36.9531, 31.0354, 2012.92, -981.724, 35.1454, 212.782, 0, '', 0, 0, 0, '', '', ''),
(56, 1, 0, 90000, 7, '0|0|0|0|0', '0|0|0|0|0|0|0|0|0', '0|0|0|0', 0, 0, 0, 0, 0, 2000.18, -991.671, 32.1314, 41.5134, 1999.69, -998.405, 29.8501, 144.777, 0, '', 0, 0, 0, '', '', ''),
(57, 1, 0, 90000, 7, '0|0|0|0|0', '0|0|0|0|0|0|0|0|0', '0|0|0|0', 0, 0, 0, 0, 1, 2044.69, -991.32, 43.243, 191.367, 2037.02, -989.563, 40.5221, 8.237, 0, '', 0, 0, 0, '', '', ''),
(58, 0, 0, 70000, 17, '0|0|0|0|0', '0|0|0|0|0|0|0|0|0', '0|0|0|0', 0, 0, 0, 0, 1, 2049.14, -987.278, 44.9787, 182.406, 2059.01, -987.104, 46.3441, 349.961, 0, '', 0, 0, 0, '', '', ''),
(59, 0, 0, 70000, 23, '0|0|0|0|0', '0|0|0|0|0|0|0|0|0', '0|0|0|0', 0, 0, 0, 0, 0, 2066.18, -993.204, 48.7996, 167.495, 2070.33, -985.518, 48.4185, 255.04, 0, '', 0, 0, 0, '', '', ''),
(60, 0, 0, 70000, 23, '0|0|0|0|0', '0|0|0|0|0|0|0|0|0', '0|0|0|0', 0, 0, 0, 0, 0, 2089.43, -996.225, 53.0627, 163.224, 2105.62, -997.066, 54.6458, 344.182, 0, '', 0, 0, 0, '', '', ''),
(61, 1, 0, 85000, 7, '0|0|0|0|0', '0|0|0|0|0|0|0|0|0', '0|0|0|0', 0, 0, 0, 0, 0, 2108.9, -1000.77, 60.5078, 168.361, 2121.16, -998.987, 57.6624, 253.884, 0, '', 0, 0, 0, '', '', ''),
(62, 0, 0, 70000, 17, '0|0|0|0|0', '0|0|0|0|0|0|0|0|0', '0|0|0|0', 0, 0, 0, 0, 0, 2139.89, -1008.46, 61.9874, 161.992, 2147.19, -1006.72, 61.9675, 252.248, 0, '', 0, 0, 0, '', '', ''),
(63, 0, 0, 60000, 3, '0|0|0|0|0', '0|0|0|0|0|0|0|0|0', '0|0|0|0', 0, 0, 0, 0, 1, 2077.32, -1057, 31.3474, 146.168, 2075.7, -1051.53, 31.3603, 235.746, 0, '', 0, 0, 0, '', '', ''),
(64, 0, 0, 65000, 9, '0|0|0|0|0', '0|0|0|0|0|0|0|0|0', '0|0|0|0', 0, 0, 0, 0, 0, 2091.57, -1068.19, 28.0859, 141.711, 2094.53, -1074.83, 25.9833, 335.908, 0, '', 0, 0, 0, '', '', ''),
(65, 0, 0, 70000, 5, '0|0|0|0|0', '0|0|0|0|0|0|0|0|0', '0|0|0|0', 0, 0, 0, 0, 0, 2101.61, -1075.86, 25.9316, 142.752, 2106.65, -1076, 24.9566, 228.54, 0, '', 0, 0, 0, '', '', ''),
(66, 0, 0, 70000, 5, '0|0|0|0|0', '0|0|0|0|0|0|0|0|0', '0|0|0|0', 0, 0, 0, 0, 0, 2108.79, -1082.33, 25.4921, 139.619, 2115.99, -1083.69, 24.0518, 230.418, 0, '', 0, 0, 0, '', '', ''),
(67, 1, 0, 85000, 7, '0|0|0|0|0', '0|0|0|0|0|0|0|0|0', '0|0|0|0', 0, 0, 0, 0, 0, 2140.63, -1082.52, 25.0356, 337.431, 2135.79, -1083.77, 23.8786, 63.8597, 0, '', 0, 0, 0, '', '', ''),
(68, 0, 0, 65000, 3, '0|0|0|0|0', '0|0|0|0|0|0|0|0|0', '0|0|0|0', 0, 0, 0, 0, 1, 2105.54, -1056.08, 27.1441, 319.165, 2115.47, -1061.79, 25.2861, 158.696, 0, '', 0, 0, 0, '', '', ''),
(69, 0, 0, 65000, 3, '0|0|0|0|0', '0|0|0|0|0|0|0|0|0', '0|0|0|0', 0, 0, 0, 0, 0, 2099.83, -1051.74, 28.816, 321.835, 2100.03, -1056.15, 27.447, 49.1422, 0, '', 0, 0, 0, '', '', ''),
(70, 0, 0, 65000, 3, '0|0|0|0|0', '0|0|0|0|0|0|0|0|0', '0|0|0|0', 0, 0, 0, 0, 0, 2093.84, -1047.36, 30.1084, 324.866, 2089.38, -1047.54, 29.8152, 55.1326, 0, '', 0, 0, 0, '', '', ''),
(71, 0, 0, 65000, 3, '0|0|0|0|0', '0|0|0|0|0|0|0|0|0', '0|0|0|0', 0, 0, 0, 0, 0, 2083.11, -1039.7, 32.2097, 325.242, 2080.21, -1041.34, 31.6348, 55.5402, 0, '', 0, 0, 0, '', '', ''),
(72, 1, 0, 100000, 28, '0|0|0|0|0', '0|0|0|0|0|0|0|0|0', '0|0|0|0', 0, 0, 0, 0, 0, 2207.45, -1100.47, 31.5547, 37.4068, 2197.19, -1106.51, 24.8243, 65.511, 0, '', 0, 0, 0, '', '', ''),
(73, 0, 0, 80000, 23, '0|0|0|0|0', '0|0|0|0|0|0|0|0|0', '0|0|0|0', 0, 0, 0, 0, 0, 2519.03, -1113.03, 56.5926, 91.5658, 2524.56, -1107.39, 56.2034, 354.99, 0, '', 0, 0, 0, '', '', ''),
(74, 0, 0, 80000, 23, '0|0|0|0|0', '0|0|0|0|0|0|0|0|0', '0|0|0|0', 0, 0, 0, 0, 0, 2470.65, -1105.32, 44.4879, 181.468, 2473.98, -1094.76, 44.6531, 261.569, 0, '', 0, 0, 0, '', '', ''),
(75, 0, 0, 83000, 23, '0|0|0|0|0', '0|0|0|0|0|0|0|0|0', '0|0|0|0', 0, 0, 0, 0, 1, 2457.07, -1102.5, 43.8672, 178.619, 2452.66, -1103.36, 42.9192, 358.555, 0, '', 0, 0, 0, '', '', ''),
(76, 0, 0, 75000, 3, '0|0|0|0|0', '0|0|0|0|0|0|0|0|0', '0|0|0|0', 0, 0, 0, 0, 0, 2438.61, -1105.79, 43.0816, 178.312, 2432.41, -1101.62, 42.1355, 348.082, 0, '', 0, 0, 0, '', '', ''),
(77, 0, 0, 80000, 23, '0|0|0|0|0', '0|0|0|0|0|0|0|0|0', '0|0|0|0', 0, 0, 0, 0, 0, 2407.89, -1106.97, 40.2957, 176.324, 2407.01, -1094.7, 38.9896, 276.954, 0, '', 0, 0, 0, '', '', ''),
(78, 0, 0, 70000, 3, '0|0|0|0|0', '0|0|0|0|0|0|0|0|0', '0|0|0|0', 0, 0, 0, 0, 0, 2373.95, -1138.92, 29.0588, 0.688133, 2370.21, -1148.75, 27.153, 89.0661, 0, '', 0, 0, 0, '', '', ''),
(79, 0, 0, 85000, 23, '0|0|0|0|0', '0|0|0|0|0|0|0|0|0', '0|0|0|0', 0, 0, 0, 0, 1, 2394.91, -1133.54, 30.7188, 0.276953, 2399.59, -1135.67, 29.7647, 182.772, 0, '', 0, 0, 0, '', '', ''),
(80, 0, 0, 70000, 3, '0|0|0|0|0', '0|0|0|0|0|0|0|0|0', '0|0|0|0', 0, 0, 0, 0, 0, 2427.41, -1135.77, 34.7109, 2.08347, 2423.06, -1145.96, 31.295, 94.8172, 0, '', 0, 0, 0, '', '', ''),
(81, 0, 0, 73000, 3, '0|0|0|0|0', '0|0|0|0|0|0|0|0|0', '0|0|0|0', 0, 0, 0, 0, 0, 2488.07, -1135.24, 39.5859, 1.29588, 2489.24, -1144.64, 37.7132, 92.2705, 0, '', 0, 0, 0, '', '', ''),
(82, 0, 0, 75000, 3, '0|0|0|0|0', '0|0|0|0|0|0|0|0|0', '0|0|0|0', 0, 0, 0, 0, 0, 2510.57, -1132.61, 41.6207, 270.101, 2503.35, -1134.49, 38.8731, 156.719, 0, '', 0, 0, 0, '', '', ''),
(83, 0, 0, 85000, 17, '0|0|0|0|0', '0|0|0|0|0|0|0|0|0', '0|0|0|0', 0, 0, 0, 0, 0, 2368.29, -1675.35, 14.1682, 180.98, 2362.07, -1672.39, 13.1712, 359.409, 0, '', 0, 0, 0, '', '', ''),
(84, 0, 0, 90000, 23, '0|0|0|0|0', '0|0|0|0|0|0|0|0|0', '0|0|0|0', 0, 0, 0, 0, 0, 2384.6, -1675.84, 15.2457, 180.934, 2393.22, -1681.8, 14.3424, 1.6369, 0, '', 0, 0, 0, '', '', ''),
(85, 0, 0, 80000, 17, '0|0|0|0|0', '0|0|0|0|0|0|0|0|0', '0|0|0|0', 0, 0, 0, 0, 0, 2362.87, -1643.14, 14.3516, 358.96, 2363.34, -1653.42, 13.1093, 89.587, 0, '', 0, 0, 0, '', '', ''),
(86, 0, 0, 90000, 23, '0|0|0|0|0', '0|0|0|0|0|0|0|0|0', '0|0|0|0', 0, 0, 0, 0, 0, 2393.18, -1646.03, 13.9051, 0.126668, 2384.23, -1639.34, 13.1482, 178.3, 0, '', 0, 0, 0, '', '', ''),
(87, 0, 0, 90000, 23, '0|0|0|0|0', '0|0|0|0|0|0|0|0|0', '0|0|0|0', 0, 0, 0, 0, 0, 2385.4, -1711.65, 14.2422, 359.98, 2390.06, -1713.74, 13.2648, 179.439, 0, '', 0, 0, 0, '', '', ''),
(88, 0, 0, 90000, 22, '0|0|0|0|0', '0|0|0|0|0|0|0|0|0', '0|0|0|0', 0, 0, 0, 0, 0, 2402.51, -1714.99, 14.1328, 359.825, 2402.37, -1726.64, 13.1221, 90.6374, 0, '', 0, 0, 0, '', '', ''),
(89, 0, 0, 85000, 22, '0|0|0|0|0', '0|0|0|0|0|0|0|0|0', '0|0|0|0', 0, 0, 0, 0, 0, 2326.82, -1716.7, 14.2379, 2.19008, 2319.22, -1710.72, 13.1948, 178.826, 0, '', 0, 0, 0, '', '', ''),
(90, 0, 0, 80000, 3, '0|0|0|0|0', '0|0|0|0|0|0|0|0|0', '0|0|0|0', 0, 0, 0, 0, 0, 2308.9, -1714.33, 14.9801, 0.720636, 2308.9, -1726.77, 13.1093, 91.6123, 0, '', 0, 0, 0, '', '', ''),
(91, 0, 0, 80000, 3, '0|0|0|0|0', '0|0|0|0|0|0|0|0|0', '0|0|0|0', 0, 0, 0, 0, 0, 2408.97, -1674.94, 14.375, 180.72, 2408.29, -1664.63, 13.1095, 272.934, 0, '', 0, 0, 0, '', '', ''),
(92, 0, 0, 87000, 23, '0|0|0|0|0', '0|0|0|0|0|0|0|0|0', '0|0|0|0', 0, 0, 0, 0, 0, 2413.86, -1646.79, 14.0119, 358.956, 2403.28, -1645.37, 13.1953, 180.942, 0, '', 0, 0, 0, '', '', ''),
(93, 0, 0, 88000, 5, '0|0|0|0|0', '0|0|0|0|0|0|0|0|0', '0|0|0|0', 0, 0, 0, 0, 0, 2451.91, -1641.41, 14.0662, 359.572, 2443.19, -1636.12, 13.0672, 178.257, 0, '', 0, 0, 0, '', '', ''),
(94, 1, 0, 100000, 31, '0|0|0|0|0', '0|0|0|0|0|0|0|0|0', '0|0|0|0', 0, 0, 0, 0, 0, 2459.46, -1691.66, 13.5457, 180, 2474.54, -1691.63, 13.1396, 359.143, 0, '', 0, 0, 0, '', '', ''),
(95, 0, 0, 90000, 23, '0|0|0|0|0', '0|0|0|0|0|0|0|0|0', '0|0|0|0', 0, 0, 0, 0, 0, 2469.48, -1646.35, 13.7801, 359.242, 2469.21, -1653.22, 13.0507, 90.831, 0, '', 0, 0, 0, '', '', ''),
(96, 0, 0, 85000, 17, '0|0|0|0|0', '0|0|0|0|0|0|0|0|0', '0|0|0|0', 0, 0, 0, 0, 0, 2514.32, -1691.62, 14.046, 230.68, 2510.2, -1685.99, 13.2141, 47.8466, 0, '', 0, 0, 0, '', '', ''),
(97, 0, 0, 95000, 23, '0|0|0|0|0', '0|0|0|0|0|0|0|0|0', '0|0|0|0', 0, 0, 0, 0, 0, 2523.27, -1679.35, 15.497, 270.714, 2516.58, -1672.09, 13.5714, 62.2837, 0, '', 0, 0, 0, '', '', ''),
(98, 0, 0, 87000, 22, '0|0|0|0|0', '0|0|0|0|0|0|0|0|0', '0|0|0|0', 0, 0, 0, 0, 0, 2524.71, -1658.63, 15.824, 271.425, 2510.11, -1666.18, 13.1342, 12.8402, 0, '', 0, 0, 0, '', '', ''),
(99, 0, 0, 80000, 3, '0|0|0|0|0', '0|0|0|0|0|0|0|0|0', '0|0|0|0', 0, 0, 0, 0, 0, 2513.73, -1650.26, 14.3557, 314.556, 2506.5, -1650.72, 13.3591, 140.7, 0, '', 0, 0, 0, '', '', ''),
(100, 1, 0, 120000, 32, '0|0|0|0|0', '0|0|0|0|0|0|0|0|0', '0|0|0|0', 0, 0, 0, 0, 1, 2486.43, -1644.53, 14.0772, 2.08131, 2486.28, -1653.38, 13.023, 89.7503, 232, 'Vlad_Kulinich', 0, 0, 0, '', '', ''),
(101, 0, 0, 86000, 22, '0|0|0|0|0', '0|0|0|0|0|0|0|0|0', '0|0|0|0', 0, 0, 0, 0, 0, 2498.49, -1642.25, 14.1131, 358.907, 2499.21, -1649.55, 13.1966, 152.376, 84, '', 0, 0, 0, '', '', ''),
(102, 1, 0, 92000, 41, '0|0|0|0|0', '0|0|0|0|0|0|0|0|0', '0|0|0|0', 0, 0, 0, 0, 0, 2326.88, -1681.99, 14.9297, 90.0702, 2327.02, -1677.17, 14.0443, 268.389, 0, '', 0, 0, 0, '', '', ''),
(103, 0, 0, 88000, 22, '0|0|0|0|0', '0|0|0|0|0|0|0|0|0', '0|0|0|0', 0, 0, 0, 0, 0, 2282.31, -1641.21, 15.8898, 358.867, 2271.09, -1637.04, 14.9868, 181.347, 0, '', 0, 0, 0, '', '', ''),
(104, 0, 0, 91000, 41, '0|0|0|0|0', '0|0|0|0|0|0|0|0|0', '0|0|0|0', 0, 0, 0, 0, 0, 2257.16, -1643.95, 15.8082, 353.093, 2254.54, -1652.56, 14.9718, 75.5993, 0, '', 0, 0, 0, '', '', ''),
(105, 0, 0, 90000, 23, '0|0|0|0|0', '0|0|0|0|0|0|0|0|0', '0|0|0|0', 0, 0, 0, 0, 0, 2244.52, -1637.63, 16.2379, 339.544, 2238.13, -1632.19, 15.3558, 159.398, 0, '', 0, 0, 0, '', '', ''),
(106, 0, 0, 75000, 3, '0|0|0|0|0', '0|0|0|0|0|0|0|0|0', '0|0|0|0', 0, 0, 0, 0, 0, 2467.68, -1200.41, 36.8117, 179.731, 2466.97, -1189.71, 37.0425, 270.525, 0, '', 0, 0, 0, '', '', ''),
(107, 1, 0, 88000, 28, '0|0|0|0|0', '0|0|0|0|0|0|0|0|0', '0|0|0|0', 0, 0, 0, 0, 0, 2520.73, -1198, 56.5992, 179.094, 2528.7, -1193.87, 56.604, 359.945, 0, '', 0, 0, 0, '', '', ''),
(108, 1, 0, 100000, 28, '0|0|0|0|0', '0|0|0|0|0|0|0|0|0', '0|0|0|0', 0, 0, 0, 0, 0, 2550.2, -1197.53, 60.8427, 180.828, 2558.42, -1193.94, 61.1276, 2.8161, 0, '', 0, 0, 0, '', '', ''),
(109, 0, 0, 80000, 22, '0|0|0|0|0', '0|0|0|0|0|0|0|0|0', '0|0|0|0', 0, 0, 0, 0, 1, 2472.89, -1238.12, 32.5695, 2.53898, 2466.41, -1248.21, 25.1444, 179.578, 0, '', 0, 0, 0, '', '', ''),
(110, 0, 0, 80000, 22, '0|0|0|0|0', '0|0|0|0|0|0|0|0|0', '0|0|0|0', 0, 0, 0, 0, 0, 2492.1, -1239.01, 37.9054, 358.93, 2486.41, -1248.19, 30.562, 188.203, 0, '', 0, 0, 0, '', '', ''),
(111, 0, 0, 85000, 22, '0|0|0|0|0', '0|0|0|0|0|0|0|0|0', '0|0|0|0', 0, 0, 0, 0, 0, 2516.58, -1225.75, 39.0906, 179.805, 2504.83, -1225.96, 37.8674, 180.553, 0, '', 0, 0, 0, '', '', ''),
(112, 0, 0, 80000, 3, '0|0|0|0|0', '0|0|0|0|0|0|0|0|0', '0|0|0|0', 0, 0, 0, 0, 0, 2536.97, -1235.62, 43.7219, 181.996, 2530.88, -1248.18, 37.2357, 187.21, 0, '', 0, 0, 0, '', '', ''),
(113, 0, 0, 70000, 3, '0|0|0|0|0', '0|0|0|0|0|0|0|0|0', '0|0|0|0', 0, 0, 0, 0, 0, 2433.6, -1274.98, 24.7567, 92.0417, 2445.52, -1275.56, 23.5533, 179.973, 0, '', 0, 0, 0, '', '', ''),
(114, 0, 0, 70000, 3, '0|0|0|0|0', '0|0|0|0|0|0|0|0|0', '0|0|0|0', 0, 0, 0, 0, 1, 2434.8, -1289.29, 25.3479, 91.136, 2445.46, -1288.33, 23.5544, 180.39, 0, '', 0, 0, 0, '', '', ''),
(115, 1, 0, 110000, 32, '0|0|0|0|0', '0|0|0|0|0|0|0|0|0', '0|0|0|0', 0, 0, 0, 0, 1, 2433.93, -1303.36, 25.3234, 91.7401, 2445.54, -1302.86, 23.5542, 180.043, 0, '', 0, 0, 0, '', '', ''),
(116, 1, 0, 110000, 32, '0|0|0|0|0', '0|0|0|0|0|0|0|0|0', '0|0|0|0', 0, 0, 0, 0, 1, 2433.93, -1320.72, 25.3234, 90.8391, 2445.34, -1321.85, 23.5556, 180.039, 0, '', 0, 0, 0, '', '', ''),
(117, 0, 0, 90000, 23, '0|0|0|0|0', '0|0|0|0|0|0|0|0|0', '0|0|0|0', 0, 0, 0, 0, 0, 2470.37, -1295.49, 30.2332, 272.246, 2456.5, -1294.93, 23.5376, 359.746, 0, '', 0, 0, 0, '', '', ''),
(118, 0, 0, 90000, 22, '0|0|0|0|0', '0|0|0|0|0|0|0|0|0', '0|0|0|0', 0, 0, 0, 0, 1, 2469.18, -1278.38, 30.3664, 270.679, 2456.57, -1281.17, 23.5603, 359.34, 0, '', 0, 0, 0, '', '', ''),
(119, 0, 0, 85000, 17, '0|0|0|0|0', '0|0|0|0|0|0|0|0|0', '0|0|0|0', 0, 0, 0, 0, 0, 2383.54, -1366.36, 24.4914, 273.604, 2376.78, -1365.93, 23.5557, 359.1, 0, '', 0, 0, 0, '', '', ''),
(120, 0, 0, 83000, 3, '0|0|0|0|0', '0|0|0|0|0|0|0|0|0', '0|0|0|0', 0, 0, 0, 0, 0, 2389.73, -1346.1, 25.077, 270.343, 2376.63, -1347.68, 23.5534, 2.3459, 0, '', 0, 0, 0, '', '', ''),
(121, 0, 0, 83000, 5, '0|0|0|0|0', '0|0|0|0|0|0|0|0|0', '0|0|0|0', 0, 0, 0, 0, 0, 2387.86, -1328.39, 25.1242, 270.443, 2376.5, -1323.72, 23.5585, 359.258, 0, '', 0, 0, 0, '', '', ''),
(122, 0, 0, 85000, 6, '0|0|0|0|0', '0|0|0|0|0|0|0|0|0', '0|0|0|0', 0, 0, 0, 0, 0, 2388.42, -1279.66, 25.1291, 268.92, 2376.65, -1276.18, 23.5618, 0.5518, 0, '', 0, 0, 0, '', '', ''),
(123, 0, 0, 90000, 23, '0|0|0|0|0', '0|0|0|0|0|0|0|0|0', '0|0|0|0', 0, 0, 0, 0, 0, 2249.92, -1238.92, 25.8984, 179.312, 2242.36, -1234.72, 24.324, 359.325, 0, '', 0, 0, 0, '', '', ''),
(124, 0, 0, 90000, 23, '0|0|0|0|0', '0|0|0|0|0|0|0|0|0', '0|0|0|0', 0, 0, 0, 0, 1, 2229.65, -1241.61, 25.6562, 180.935, 2224.28, -1226.4, 23.6887, 268.819, 0, '', 0, 0, 0, '', '', ''),
(125, 0, 0, 90000, 23, '0|0|0|0|0', '0|0|0|0|0|0|0|0|0', '0|0|0|0', 0, 0, 0, 0, 0, 2209.76, -1240.25, 24.4801, 181.076, 2209.36, -1226.34, 23.688, 270.293, 0, '', 0, 0, 0, '', '', ''),
(126, 0, 0, 90000, 23, '0|0|0|0|0', '0|0|0|0|0|0|0|0|0', '0|0|0|0', 0, 0, 0, 0, 0, 2191.81, -1239.23, 24.4879, 180.882, 2195.91, -1226.4, 23.6876, 270.263, 0, '', 0, 0, 0, '', '', ''),
(127, 0, 0, 92000, 23, '0|0|0|0|0', '0|0|0|0|0|0|0|0|0', '0|0|0|0', 0, 0, 0, 0, 0, 2153.83, -1243.81, 25.3672, 182.154, 2148.39, -1242.23, 24.4785, 359.426, 0, '', 0, 0, 0, '', '', ''),
(128, 0, 0, 88000, 23, '0|0|0|0|0', '0|0|0|0|0|0|0|0|0', '0|0|0|0', 0, 0, 0, 0, 0, 2133.4, -1233, 24.4219, 180.417, 2133.53, -1226.41, 23.6958, 270.017, 0, '', 0, 0, 0, '', '', ''),
(129, 0, 0, 90500, 23, '0|0|0|0|0', '0|0|0|0|0|0|0|0|0', '0|0|0|0', 0, 0, 0, 0, 0, 2110.96, -1244.4, 25.8516, 180.3, 2105.23, -1244.58, 24.9844, 0.8516, 0, '', 0, 0, 0, '', '', ''),
(130, 1, 0, 100000, 23, '0|0|0|0|0', '0|0|0|0|0|0|0|0|0', '0|0|0|0', 0, 0, 0, 0, 0, 2090.79, -1235.18, 26.0191, 180.631, 2090.19, -1226.48, 23.688, 270.665, 0, '', 0, 0, 0, '', '', ''),
(131, 0, 0, 90000, 23, '0|0|0|0|0', '0|0|0|0|0|0|0|0|0', '0|0|0|0', 0, 0, 0, 0, 0, 2250.2, -1280.05, 25.4766, 2.82369, 2255.91, -1280.18, 25.1594, 179.295, 0, '', 0, 0, 0, '', '', ''),
(132, 0, 0, 89000, 23, '0|0|0|0|0', '0|0|0|0|0|0|0|0|0', '0|0|0|0', 0, 0, 0, 0, 0, 2230.08, -1280.06, 25.6285, 1.08318, 2231.71, -1295.3, 23.7011, 90.3172, 0, '', 0, 0, 0, '', '', ''),
(133, 0, 0, 90000, 23, '0|0|0|0|0', '0|0|0|0|0|0|0|0|0', '0|0|0|0', 0, 0, 0, 0, 0, 2207.95, -1280.82, 25.1207, 1.00405, 2218.39, -1295.23, 23.6922, 91.1354, 0, '', 0, 0, 0, '', '', ''),
(134, 0, 0, 88000, 22, '0|0|0|0|0', '0|0|0|0|0|0|0|0|0', '0|0|0|0', 0, 0, 0, 0, 0, 2191.57, -1275.6, 25.1562, 2.52778, 2196.59, -1277.05, 24.3302, 180.987, 0, '', 0, 0, 0, '', '', ''),
(135, 1, 0, 90000, 22, '0|0|0|0|0', '0|0|0|0|0|0|0|0|0', '0|0|0|0', 0, 0, 0, 0, 0, 2150.21, -1285.04, 24.5269, 1.67199, 2149.34, -1295.19, 23.6191, 91.7727, 0, '', 0, 0, 0, '', '', ''),
(136, 1, 0, 100000, 23, '0|0|0|0|0', '0|0|0|0|0|0|0|0|0', '0|0|0|0', 0, 0, 0, 0, 0, 2132.28, -1280.05, 25.8906, 1.25336, 2137.81, -1280.19, 24.9115, 179.51, 0, '', 0, 0, 0, '', '', ''),
(137, 0, 0, 80000, 0, '0|0|0|0|0', '0|0|0|0|0|0|0|0|0', '0|0|0|0', 0, 0, 0, 0, 1, 2090.96, -1277.83, 26.1797, 0.083929, 2095.16, -1284.45, 24.7409, 179.356, 0, '', 0, 0, 0, '', '', ''),
(138, 0, 0, 80000, 0, '0|0|0|0|0', '0|0|0|0|0|0|0|0|0', '0|0|0|0', 0, 0, 0, 0, 1, 2111.27, -1278.98, 25.8359, 1.33721, 2102.3, -1277.32, 25.1412, 181.144, 0, '', 0, 0, 0, '', '', ''),
(139, 1, 0, 100000, 23, '0|0|0|0|0', '0|0|0|0|0|0|0|0|0', '0|0|0|0', 0, 0, 0, 0, 0, 2100.85, -1321.89, 25.9531, 182.426, 2096.46, -1325.92, 25.2638, 0.4251, 0, '', 0, 0, 0, '', '', ''),
(140, 1, 0, 120000, 15, '0|0|0|0|0', '0|0|0|0|0|0|0|0|0', '0|0|0|0', 0, 0, 0, 0, 0, 2126.68, -1320.87, 26.6241, 181.952, 2136.2, -1322.39, 24.9102, 359.851, 0, '', 0, 0, 0, '', '', ''),
(141, 0, 0, 90000, 23, '0|0|0|0|0', '0|0|0|0|0|0|0|0|0', '0|0|0|0', 0, 0, 0, 0, 0, 2148.57, -1320.08, 26.0738, 182.615, 2141.85, -1326.97, 25.2648, 0.2098, 0, '', 0, 0, 0, '', '', ''),
(142, 0, 0, 92000, 23, '0|0|0|0|0', '0|0|0|0|0|0|0|0|0', '0|0|0|0', 0, 0, 0, 0, 0, 2185.17, -1363.71, 26.1598, 358.766, 2185.62, -1378.73, 23.6268, 91.696, 0, '', 0, 0, 0, '', '', ''),
(143, 0, 0, 92000, 23, '0|0|0|0|0', '0|0|0|0|0|0|0|0|0', '0|0|0|0', 0, 0, 0, 0, 0, 2202.77, -1363.67, 26.191, 2.21214, 2195.46, -1378.57, 23.6288, 89.8034, 0, '', 0, 0, 0, '', '', ''),
(144, 0, 0, 80000, 5, '0|0|0|0|0', '0|0|0|0|0|0|0|0|0', '0|0|0|0', 0, 0, 0, 0, 0, 2230.44, -1397.24, 24.5738, 180.887, 2228.38, -1389.89, 23.6266, 270.117, 0, '', 0, 0, 0, '', '', ''),
(145, 0, 0, 80000, 5, '0|0|0|0|0', '0|0|0|0|0|0|0|0|0', '0|0|0|0', 0, 0, 0, 0, 0, 2243.56, -1397.24, 24.5738, 181.514, 2243.37, -1389.66, 23.6275, 268.915, 0, '', 0, 0, 0, '', '', ''),
(146, 0, 0, 80000, 5, '0|0|0|0|0', '0|0|0|0|0|0|0|0|0', '0|0|0|0', 0, 0, 0, 0, 0, 2256.48, -1397.24, 24.5738, 179.634, 2255.08, -1390.04, 23.6273, 270.15, 0, '', 0, 0, 0, '', '', ''),
(147, 0, 0, 85000, 22, '0|0|0|0|0', '0|0|0|0|0|0|0|0|0', '0|0|0|0', 0, 0, 0, 0, 0, 2196.21, -1404.13, 25.9488, 89.8503, 2206.96, -1404.19, 23.6198, 180.334, 0, '', 0, 0, 0, '', '', ''),
(148, 0, 0, 90000, 23, '0|0|0|0|0', '0|0|0|0|0|0|0|0|0', '0|0|0|0', 0, 0, 0, 0, 0, 2188.55, -1419.33, 26.1562, 90.7904, 2206.92, -1417.37, 23.6215, 179.511, 0, '', 0, 0, 0, '', '', ''),
(149, 0, 0, 85000, 23, '0|0|0|0|0', '0|0|0|0|0|0|0|0|0', '0|0|0|0', 0, 0, 0, 0, 0, 2194.35, -1443.01, 26.0738, 88.9237, 2206.91, -1436.12, 23.6216, 181.169, 0, '', 0, 0, 0, '', '', ''),
(150, 0, 0, 90000, 23, '0|0|0|0|0', '0|0|0|0|0|0|0|0|0', '0|0|0|0', 0, 0, 0, 0, 0, 2191.1, -1455.9, 26, 92.3704, 2199.21, -1455.22, 24.5533, 271.544, 0, '', 0, 0, 0, '', '', ''),
(151, 0, 0, 90000, 23, '0|0|0|0|0', '0|0|0|0|0|0|0|0|0', '0|0|0|0', 0, 0, 0, 0, 0, 2190.44, -1470.42, 25.9141, 90.4904, 2199.94, -1466.46, 24.3711, 269.802, 0, '', 0, 0, 0, '', '', ''),
(152, 0, 0, 85000, 22, '0|0|0|0|0', '0|0|0|0|0|0|0|0|0', '0|0|0|0', 0, 0, 0, 0, 1, 2190.31, -1487.66, 26.1051, 91.7671, 2186.76, -1480.92, 25.2598, 269.273, 0, '', 0, 0, 0, '', '', ''),
(153, 0, 0, 80000, 5, '0|0|0|0|0', '0|0|0|0|0|0|0|0|0', '0|0|0|0', 0, 0, 0, 0, 0, 2263.87, -1469.34, 24.3707, 1.55545, 2263.61, -1478.45, 22.6011, 90.3144, 0, '', 0, 0, 0, '', '', ''),
(154, 0, 0, 80000, 5, '0|0|0|0|0', '0|0|0|0|0|0|0|0|0', '0|0|0|0', 0, 0, 0, 0, 0, 2247.65, -1469.34, 24.4801, 0.928516, 2248.01, -1478.62, 23.0067, 89.7215, 0, '', 0, 0, 0, '', '', ''),
(155, 0, 0, 80000, 5, '0|0|0|0|0', '0|0|0|0|0|0|0|0|0', '0|0|0|0', 0, 0, 0, 0, 0, 2232.54, -1469.33, 24.5816, 1.86886, 2232.34, -1478.37, 23.4343, 91.3937, 0, '', 0, 0, 0, '', '', ''),
(156, 0, 0, 90000, 23, '0|0|0|0|0', '0|0|0|0|0|0|0|0|0', '0|0|0|0', 0, 0, 0, 0, 0, 2045.52, -1116.65, 26.3617, 183.045, 2051.17, -1117.01, 24.805, 179.663, 0, '', 0, 0, 0, '', '', ''),
(157, 0, 0, 110000, 15, '0|0|0|0|0', '0|0|0|0|0|0|0|0|0', '0|0|0|0', 0, 0, 0, 0, 1, 2000.02, -1114.05, 27.125, 2.4923, 2002.32, -1130.44, 25.0742, 91.7359, 0, '', 0, 0, 0, '', '', ''),
(158, 0, 0, 90000, 23, '0|0|0|0|0', '0|0|0|0|0|0|0|0|0', '0|0|0|0', 0, 0, 0, 0, 0, 1955.12, -1115.36, 27.8305, 89.9256, 1952.44, -1130.3, 25.4218, 92.0304, 0, '', 0, 0, 0, '', '', ''),
(159, 0, 0, 85000, 22, '0|0|0|0|0', '0|0|0|0|0|0|0|0|0', '0|0|0|0', 0, 0, 0, 0, 0, 1939.06, -1114.48, 27.4523, 1.25507, 1934.93, -1118.14, 26.1835, 175.187, 0, '', 0, 0, 0, '', '', ''),
(160, 0, 0, 90000, 23, '0|0|0|0|0', '0|0|0|0|0|0|0|0|0', '0|0|0|0', 0, 0, 0, 0, 0, 1921.3, -1115.2, 27.0883, 91.8334, 1921.64, -1130.21, 24.6524, 90.7482, 0, '', 0, 0, 0, '', '', ''),
(161, 0, 4, 85000, 22, '1|1|0|0|0', '0|0|0|0|0|0|0|0|0', '43|0|0|0', 0, 0, 0, 0, 1, 1905.97, -1112.94, 26.6641, 359.03, 1910.69, -1117.1, 25.3962, 176.509, 3628, 'Alexander_Forg', 0, 0, 0, '', '', ''),
(162, 0, 0, 90000, 23, '0|0|0|0|0', '0|0|0|0|0|0|0|0|0', '0|0|0|0', 0, 0, 0, 0, 0, 1885.88, -1113.57, 26.2758, 93.13, 1894.09, -1130.28, 23.9609, 90.2273, 0, '', 0, 0, 0, '', '', ''),
(163, 0, 0, 90000, 23, '1|1|0|0|0', '0|0|0|0|0|0|0|0|0', '3|0|0|166', 0, 0, 0, 0, 0, 2151.19, -1400.69, 26.1285, 270.114, 2156.17, -1407.47, 25.2616, 90.104, 3627, 'Ivan_Barsov', 0, 0, 0, '', '', ''),
(164, 0, 0, 90000, 22, '0|0|0|0|0', '0|0|0|0|0|0|0|0|0', '0|0|0|0', 0, 0, 0, 0, 0, 2147.71, -1366.12, 25.9723, 0.764126, 2151.12, -1378.75, 23.6215, 90.554, 0, '', 0, 0, 0, '', '', ''),
(165, 0, 0, 90000, 23, '0|0|0|0|0', '0|0|0|0|0|0|0|0|0', '0|0|0|0', 0, 0, 0, 0, 0, 2129.61, -1361.69, 26.1363, 359.944, 2136.19, -1358.44, 25.2454, 180.173, 0, '', 0, 0, 0, '', '', ''),
(166, 0, 0, 90000, 23, '0|0|0|0|0', '0|0|0|0|0|0|0|0|0', '0|0|0|0', 0, 0, 0, 0, 0, 2067.05, -1731.58, 14.2066, 87.6992, 2068.96, -1739.52, 13.2676, 269.38, 0, '', 0, 0, 0, '', '', ''),
(167, 0, 0, 80000, 5, '0|0|0|0|0', '0|0|0|0|0|0|0|0|0', '0|0|0|0', 0, 0, 0, 0, 0, 2066.24, -1717.09, 14.1363, 90.4745, 2076, -1718.06, 13.184, 180.068, 0, '', 0, 0, 0, '', '', ''),
(168, 1, 0, 120000, 15, '0|0|0|0|0', '0|0|0|0|0|0|0|0|0', '0|0|0|0', 0, 0, 0, 0, 0, 2065.1, -1703.53, 14.1484, 90.5654, 2067.72, -1695.01, 13.265, 270.37, 0, '', 0, 0, 0, '', '', ''),
(169, 0, 0, 90000, 23, '0|0|0|0|0', '0|0|0|0|0|0|0|0|0', '0|0|0|0', 0, 0, 0, 0, 0, 2066.74, -1656.52, 14.1328, 93.0108, 2075.95, -1654.22, 13.1131, 180.956, 0, '', 0, 0, 0, '', '', ''),
(170, 0, 0, 85000, 22, '0|0|0|0|0', '0|0|0|0|0|0|0|0|0', '0|0|0|0', 0, 0, 0, 0, 1, 2067.56, -1643.73, 14.1363, 91.4607, 2068, -1637.3, 13.1935, 271.453, 0, '', 0, 0, 0, '', '', ''),
(171, 0, 0, 90000, 23, '0|0|0|0|0', '0|0|0|0|0|0|0|0|0', '0|0|0|0', 0, 0, 0, 0, 0, 2067.7, -1628.86, 14.2066, 90.4756, 2076.05, -1630.78, 13.109, 180.242, 0, '', 0, 0, 0, '', '', ''),
(172, 0, 0, 90000, 23, '0|0|0|0|0', '0|0|0|0|0|0|0|0|0', '0|0|0|0', 0, 0, 0, 0, 1, 2015.35, -1732.65, 14.2344, 270.537, 2014.47, -1737.47, 13.1583, 90.1817, 1, 'Ivan_Budko', 0, 0, 0, '', '', ''),
(173, 1, 3, 100000, 38, '1|1|0|0|0', '0|0|0|0|0|0|0|0|0', '252|1|0|0', 0, 0, 0, 0, 1, 2016.2, -1717.02, 14.125, 270.408, 2007.13, -1716.78, 13.1096, 1.0031, 84, 'Charlee_Q', 0, 0, 0, '', '', ''),
(174, 0, 0, 90000, 23, '0|0|0|0|0', '0|0|0|0|0|0|0|0|0', '0|0|0|0', 0, 0, 0, 0, 0, 2018.24, -1703.31, 14.2344, 271.927, 2014.33, -1707.09, 13.195, 89.1718, 0, '', 0, 0, 0, '', '', ''),
(175, 0, 0, 85000, 22, '0|0|0|0|0', '0|0|0|0|0|0|0|0|0', '0|0|0|0', 0, 0, 0, 0, 1, 2013.58, -1656.43, 14.1363, 271.755, 2007.22, -1657.02, 13.1117, 358.867, 0, '', 0, 0, 0, '', '', ''),
(176, 0, 0, 90000, 23, '0|0|0|0|0', '0|0|0|0|0|0|0|0|0', '0|0|0|0', 0, 0, 0, 0, 0, 2016.54, -1641.73, 14.1129, 272.437, 2016.61, -1648.2, 13.1977, 87.5722, 0, '', 0, 0, 0, '', '', ''),
(177, 1, 0, 95000, 23, '0|0|0|0|0', '0|0|0|0|0|0|0|0|0', '0|0|0|0', 0, 0, 0, 0, 0, 1938.54, -1911.34, 15.2568, 269.132, 1942.55, -1926.71, 13.1141, 91.0756, 0, '', 0, 0, 0, '', '', ''),
(178, 1, 0, 95000, 23, '0|0|0|0|0', '0|0|0|0|0|0|0|0|0', '0|0|0|0', 0, 0, 0, 0, 0, 1928.64, -1915.9, 15.2568, 0.916211, 1929.45, -1926.75, 13.1115, 89.8148, 0, '', 0, 0, 0, '', '', ''),
(179, 0, 0, 95000, 23, '0|0|0|0|0', '0|0|0|0|0|0|0|0|0', '0|0|0|0', 0, 0, 0, 0, 0, 1913.47, -1911.9, 15.2568, 1.50545, 1909.06, -1926.71, 13.1122, 90.1847, 0, '', 0, 0, 0, '', '', ''),
(180, 1, 0, 90000, 23, '0|0|0|0|0', '0|0|0|0|0|0|0|0|0', '0|0|0|0', 0, 0, 0, 0, 1, 1891.92, -1914.39, 15.2568, 1.97189, 1892.99, -1926.63, 13.1127, 90.2879, 0, '', 0, 0, 0, '', '', ''),
(181, 1, 0, 100000, 23, '0|0|0|0|0', '0|0|0|0|0|0|0|0|0', '0|0|0|0', 0, 0, 0, 0, 0, 1872.29, -1911.79, 15.2568, 2.13643, 1872.46, -1926.63, 13.1122, 91.6579, 0, '', 0, 0, 0, '', '', ''),
(182, 1, 0, 100000, 23, '0|0|0|0|0', '0|0|0|0|0|0|0|0|0', '0|0|0|0', 0, 0, 0, 0, 0, 1853.99, -1914.26, 15.2568, 359.319, 1847.07, -1926.84, 13.1099, 89.8473, 0, '', 0, 0, 0, '', '', ''),
(183, 0, 0, 85000, 22, '0|0|0|0|0', '0|0|0|0|0|0|0|0|0', '0|0|0|0', 0, 0, 0, 0, 0, 1851.79, -2070.46, 15.4812, 180.554, 1849.66, -2057.97, 13.1096, 267.9, 0, '', 0, 0, 0, '', '', ''),
(184, 0, 0, 80000, 22, '0|0|0|0|0', '0|0|0|0|0|0|0|0|0', '0|0|0|0', 0, 0, 0, 0, 0, 1873.54, -2070.76, 15.4971, 181.176, 1867.18, -2058.17, 13.1084, 269.553, 0, '', 0, 0, 0, '', '', ''),
(185, 0, 0, 80000, 22, '0|0|0|0|0', '0|0|0|0|0|0|0|0|0', '0|0|0|0', 0, 0, 0, 0, 0, 1895.46, -2068.92, 15.6689, 178.801, 1895.58, -2058.13, 13.108, 270.639, 0, '', 0, 0, 0, '', '', ''),
(186, 0, 0, 70000, 17, '0|0|0|0|0', '0|0|0|0|0|0|0|0|0', '0|0|0|0', 0, 0, 0, 0, 1, 1801.95, -2098.94, 14.021, 0.079129, 1802.09, -2107.28, 13.1101, 90.8042, 0, '', 0, 0, 0, '', '', ''),
(187, 0, 0, 85000, 22, '0|0|0|0|0', '0|0|0|0|0|0|0|0|0', '0|0|0|0', 0, 0, 0, 0, 1, 1781.43, -2101.27, 14.0566, 358.618, 1773.52, -2100.21, 13.1936, 179.528, 0, '', 0, 0, 0, '', '', ''),
(188, 0, 0, 85000, 22, '0|0|0|0|0', '0|0|0|0|0|0|0|0|0', '0|0|0|0', 0, 0, 0, 0, 0, 1762.41, -2101.98, 13.857, 0.492577, 1763.18, -2107.25, 13.1104, 90.5132, 0, '', 0, 0, 0, '', '', ''),
(189, 0, 0, 92000, 23, '0|0|0|0|0', '0|0|0|0|0|0|0|0|0', '0|0|0|0', 0, 0, 0, 0, 0, 1734.07, -2097.98, 14.0366, 359.519, 1736.26, -2107.12, 13.1085, 90.7833, 0, '', 0, 0, 0, '', '', ''),
(190, 0, 0, 90000, 23, '0|0|0|0|0', '0|0|0|0|0|0|0|0|0', '0|0|0|0', 0, 0, 0, 0, 0, 1711.61, -2101.23, 14.021, 358.353, 1698.67, -2098.78, 13.1937, 179.123, 0, '', 0, 0, 0, '', '', ''),
(191, 0, 0, 90000, 23, '0|0|0|0|0', '0|0|0|0|0|0|0|0|0', '0|0|0|0', 0, 0, 0, 0, 0, 1684.81, -2098.15, 13.8343, 358.939, 1687.89, -2107.21, 13.1092, 89.3112, 84, 'Charlee_Testblya', 0, 0, 0, '', '', ''),
(192, 0, 0, 90000, 23, '0|0|0|0|0', '0|0|0|0|0|0|0|0|0', '0|0|0|0', 0, 0, 0, 0, 0, 1695.5, -2125.84, 13.8101, 178.909, 1704.84, -2128.59, 13.1935, 0.338, 0, '', 0, 0, 0, '', '', ''),
(193, 0, 0, 90000, 23, '0|0|0|0|0', '0|0|0|0|0|0|0|0|0', '0|0|0|0', 0, 0, 0, 0, 0, 1715.11, -2125.45, 14.0566, 180.401, 1714.9, -2118.38, 13.1097, 269.768, 0, '', 0, 0, 0, '', '', ''),
(194, 0, 0, 90000, 23, '0|0|0|0|0', '0|0|0|0|0|0|0|0|0', '0|0|0|0', 0, 0, 0, 0, 0, 1734.72, -2130.36, 14.021, 185.508, 1725.6, -2127.94, 13.1918, 358.919, 0, '', 0, 0, 0, '', '', ''),
(195, 0, 0, 92000, 23, '0|0|0|0|0', '0|0|0|0|0|0|0|0|0', '0|0|0|0', 0, 0, 0, 0, 0, 1761.21, -2125.45, 14.0566, 177.072, 1760.52, -2118.33, 13.1265, 269.17, 0, '', 0, 0, 0, '', '', ''),
(196, 0, 0, 92000, 23, '0|0|0|0|0', '0|0|0|0|0|0|0|0|0', '0|0|0|0', 0, 0, 0, 0, 0, 1782.16, -2126.51, 14.0679, 177.973, 1772.55, -2127.65, 13.1946, 359.875, 0, '', 0, 0, 0, '', '', ''),
(197, 0, 0, 90000, 23, '0|0|0|0|0', '0|0|0|0|0|0|0|0|0', '0|0|0|0', 0, 0, 0, 0, 0, 1804.17, -2124.9, 13.9424, 179.581, 1793.61, -2127.11, 13.1955, 359.107, 0, '', 0, 0, 0, '', '', ''),
(198, 1, 0, 120000, 32, '0|0|0|0|0', '0|0|0|0|0|0|0|0|0', '0|0|0|0', 0, 0, 0, 0, 0, 2808.03, -1175.91, 25.3816, 359.714, 2813.63, -1179.76, 24.9248, 272.228, 0, '', 0, 0, 0, '', '', ''),
(199, 1, 0, 120000, 32, '0|0|0|0|0', '0|0|0|0|0|0|0|0|0', '0|0|0|0', 0, 0, 0, 0, 0, 2808.09, -1190.89, 25.3405, 182.706, 2813.54, -1186.66, 24.9036, 267.478, 0, '', 0, 0, 0, '', '', ''),
(200, 2, 0, 130000, 37, '0|0|0|0|0', '0|0|0|0|0|0|0|0|0', '0|0|0|0', 0, 0, 0, 0, 0, 2851.85, -1366.04, 14.1708, 92.6411, 2856.13, -1355.64, 10.6919, 270.551, 0, '', 0, 0, 0, '', '', ''),
(201, 1, 0, 120000, 12, '0|0|0|0|0', '0|0|0|0|0|0|0|0|0', '0|0|0|0', 0, 0, 0, 0, 0, 2842.07, -1334.8, 14.7421, 10.394, 2852.32, -1326.71, 10.7163, 270.513, 0, '', 0, 0, 0, '', '', ''),
(202, 1, 0, 110000, 12, '0|0|0|0|0', '0|0|0|0|0|0|0|0|0', '0|0|0|0', 0, 0, 0, 0, 0, 2847.01, -1309.83, 14.6861, 99.4892, 2852.98, -1303.72, 15.3393, 245.5, 0, '', 0, 0, 0, '', '', ''),
(203, 0, 0, 90000, 23, '0|0|0|0|0', '0|0|0|0|0|0|0|0|0', '0|0|0|0', 0, 0, 0, 0, 0, 2091.63, -1184.3, 27.0571, 2.34944, 2077.42, -1187.41, 23.3839, 1.3779, 0, '', 0, 0, 0, '', '', ''),
(204, 0, 6, 92000, 23, '1|1|0|0|0', '0|0|0|3942|0|0|0|0|0', '43|294|0|175', 0, 500000001, 0, 0, 1, 2092.24, -1166.49, 26.5859, 269.179, 2089.16, -1170.9, 25.1385, 86.4981, 3626, 'Matthew_Makaveli', 0, 0, 0, '', '', ''),
(205, 0, 0, 90000, 23, '0|0|0|0|0', '0|0|0|0|0|0|0|0|0', '0|0|0|0', 0, 0, 0, 0, 1, 2095.36, -1145.19, 26.5929, 269.195, 2090.77, -1140.81, 25.2391, 88.2359, 0, '', 0, 0, 0, '', '', ''),
(206, 0, 0, 90000, 22, '0|0|0|0|0', '0|0|0|0|0|0|0|0|0', '0|0|0|0', 0, 0, 0, 0, 0, 2093.95, -1122.67, 27.6899, 1.12204, 2077.41, -1122.93, 23.6157, 1.3309, 0, '', 0, 0, 0, '', '', ''),
(207, 1, 0, 110000, 15, '0|0|0|0|0', '0|0|0|0|0|0|0|0|0', '0|0|0|0', 0, 0, 0, 0, 0, 2061.02, -1075.34, 25.6861, 338.186, 2062.09, -1080.05, 24.4478, 63.3562, 0, '', 0, 0, 0, '', '', ''),
(208, 0, 0, 85000, 22, '0|0|0|0|0', '0|0|0|0|0|0|0|0|0', '0|0|0|0', 0, 0, 0, 0, 0, 2050.73, -1065.75, 25.7836, 63.1747, 2050.06, -1074.34, 24.3989, 64.7749, 0, '', 0, 0, 0, '', '', ''),
(209, 0, 0, 85000, 22, '0|0|0|0|0', '0|0|0|0|0|0|0|0|0', '0|0|0|0', 0, 0, 0, 0, 0, 2035.87, -1059.21, 25.6508, 65.4864, 2034.84, -1067.55, 24.3144, 66.1167, 0, '', 0, 0, 0, '', '', ''),
(210, 0, 0, 85000, 22, '0|0|0|0|0', '0|0|0|0|0|0|0|0|0', '0|0|0|0', 0, 0, 0, 0, 0, 2023, -1052.97, 25.5961, 67.6798, 2020.77, -1061.37, 24.2234, 66.8848, 0, '', 0, 0, 0, '', '', ''),
(211, 0, 0, 80000, 5, '0|0|0|0|0', '0|0|0|0|0|0|0|0|0', '0|0|0|0', 0, 0, 0, 0, 1, 2269.2, -1882.01, 14.2344, 1.19649, 2265.32, -1888.81, 13.0711, 90.5199, 0, '', 0, 0, 0, '', '', ''),
(212, 0, 0, 80000, 5, '0|0|0|0|0', '0|0|0|0|0|0|0|0|0', '0|0|0|0', 0, 0, 0, 0, 1, 2241.93, -1882.01, 14.2344, 0.773543, 2240.66, -1888.99, 13.0751, 89.7018, 0, '', 0, 0, 0, '', '', ''),
(213, 1, 0, 110000, 15, '0|0|0|0|0', '0|0|0|0|0|0|0|0|0', '0|0|0|0', 0, 0, 0, 0, 1, 2238.15, -1906.84, 14.9375, 183.385, 2234.37, -1900.02, 13.0676, 269.494, 0, '', 0, 0, 0, '', '', ''),
(214, 1, 0, 110000, 15, '0|0|0|0|0', '0|0|0|0|0|0|0|0|0', '0|0|0|0', 0, 0, 0, 0, 1, 2261.4, -1906.76, 14.9375, 181.591, 2250.63, -1906.99, 13.1943, 359.131, 0, '', 0, 0, 0, '', '', ''),
(215, 0, 0, 110000, 15, '0|0|0|0|0', '0|0|0|0|0|0|0|0|0', '0|0|0|0', 0, 0, 0, 0, 0, 2284.74, -1906.6, 14.9297, 181.012, 2285.06, -1900.02, 13.1135, 270.466, 0, '', 0, 0, 0, '', '', ''),
(216, 0, 0, 80000, 5, '0|0|0|0|0', '0|0|0|0|0|0|0|0|0', '0|0|0|0', 0, 0, 0, 0, 0, 2437.94, -2020.85, 13.9025, 179.323, 2436.27, -2015.19, 13.0932, 270.117, 0, '', 0, 0, 0, '', '', ''),
(217, 0, 0, 80000, 6, '0|0|0|0|0', '0|0|0|0|0|0|0|0|0', '0|0|0|0', 0, 0, 0, 0, 0, 2465.38, -2020.79, 14.1242, 183.57, 2458.72, -2015.19, 13.0539, 274.653, 0, '', 0, 0, 0, '', '', ''),
(218, 0, 0, 80000, 6, '0|0|0|0|0', '0|0|0|0|0|0|0|0|0', '0|0|0|0', 0, 0, 0, 0, 0, 2486.45, -2021.55, 13.9988, 178.221, 2483.28, -2015.12, 13.0527, 271.062, 0, '', 0, 0, 0, '', '', ''),
(219, 0, 0, 80000, 5, '0|0|0|0|0', '0|0|0|0|0|0|0|0|0', '0|0|0|0', 0, 0, 0, 0, 0, 2507.89, -2021.05, 14.2101, 180.905, 2508.51, -2015.23, 13.0688, 270.009, 0, '', 0, 0, 0, '', '', ''),
(220, 0, 0, 90000, 23, '0|0|0|0|0', '0|0|0|0|0|0|0|0|0', '0|0|0|0', 0, 0, 0, 0, 0, 2522.74, -2019.01, 14.0744, 226.693, 2525.89, -2011.77, 13.2022, 91.1532, 0, '', 0, 0, 0, '', '', ''),
(221, 0, 0, 90000, 23, '0|0|0|0|0', '0|0|0|0|0|0|0|0|0', '0|0|0|0', 0, 0, 0, 0, 0, 2524.34, -1998.3, 14.1131, 317.166, 2526.34, -2006.82, 13.1974, 90.7184, 0, '', 0, 0, 0, '', '', ''),
(222, 0, 0, 90000, 23, '0|0|0|0|0', '0|0|0|0|0|0|0|0|0', '0|0|0|0', 0, 0, 0, 0, 0, 2508.3, -1998.36, 13.9025, 0.80235, 2507.16, -2004.2, 13.0529, 89.8615, 0, '', 0, 0, 0, '', '', ''),
(223, 0, 0, 80000, 5, '0|0|0|0|0', '0|0|0|0|0|0|0|0|0', '0|0|0|0', 0, 0, 0, 0, 0, 2483.43, -1995.34, 13.8343, 2.29183, 2484.33, -2004.18, 13.0521, 91.5908, 0, '', 0, 0, 0, '', '', ''),
(224, 0, 0, 80000, 5, '0|0|0|0|0', '0|0|0|0|0|0|0|0|0', '0|0|0|0', 0, 0, 0, 0, 0, 2465.16, -1995.75, 14.0193, 0.039564, 2465.81, -2004.06, 13.0662, 90.1257, 0, '', 0, 0, 0, '', '', ''),
(225, 0, 0, 80000, 5, '0|0|0|0|0', '0|0|0|0|0|0|0|0|0', '0|0|0|0', 0, 0, 0, 0, 0, 2696.34, -1990.36, 14.2229, 2.49167, 2696.3, -1998.43, 13.0662, 90.8393, 0, '', 0, 0, 0, '', '', ''),
(226, 0, 0, 80000, 6, '0|0|0|0|0', '0|0|0|0|0|0|0|0|0', '0|0|0|0', 0, 0, 0, 0, 0, 2672.7, -1989.47, 14.324, 4.85224, 2674.75, -1998.47, 13.1061, 89.1383, 0, '', 0, 0, 0, '', '', ''),
(227, 0, 0, 92000, 23, '0|0|0|0|0', '0|0|0|0|0|0|0|0|0', '0|0|0|0', 0, 0, 0, 0, 0, 2652.81, -1989.42, 13.9988, 359.238, 2655.79, -1998.44, 13.1143, 90.4626, 0, '', 0, 0, 0, '', '', ''),
(228, 0, 0, 85000, 22, '0|0|0|0|0', '0|0|0|0|0|0|0|0|0', '0|0|0|0', 0, 0, 0, 0, 0, 2637.05, -1991.73, 14.324, 48.6195, 2644.24, -1990.31, 13.2018, 179.786, 0, '', 0, 0, 0, '', '', ''),
(229, 0, 0, 87000, 22, '0|0|0|0|0', '0|0|0|0|0|0|0|0|0', '0|0|0|0', 0, 0, 0, 0, 0, 2635.57, -2012.87, 14.1443, 126.722, 2643.24, -2016.32, 13.2021, 359.302, 0, '', 0, 0, 0, '', '', ''),
(230, 0, 0, 80000, 5, '0|0|0|0|0', '0|0|0|0|0|0|0|0|0', '0|0|0|0', 0, 0, 0, 0, 0, 2673.28, -2020.29, 14.1682, 180.399, 2674.91, -2009.47, 13.1115, 268.33, 0, '', 0, 0, 0, '', '', ''),
(231, 0, 0, 80000, 5, '0|0|0|0|0', '0|0|0|0|0|0|0|0|0', '0|0|0|0', 0, 0, 0, 0, 0, 2695.39, -2020.55, 14.0223, 182.202, 2685.84, -2016.61, 13.1961, 1.444, 0, '', 0, 0, 0, '', '', ''),
(232, 2, 0, 120000, 37, '0|0|0|0|0', '0|0|0|0|0|0|0|0|0', '0|0|0|0', 0, 0, 0, 0, 1, 1325.95, -1067.7, 31.5547, 90.3806, 1330.45, -1059.45, 28.2626, 271.722, 0, '', 0, 0, 0, '', '', ''),
(233, 2, 0, 130000, 15, '0|0|0|0|0', '0|0|0|0|0|0|0|0|0', '0|0|0|0', 0, 0, 0, 0, 0, 1326.26, -1090.64, 27.9766, 90.6705, 1329.87, -1081.81, 24.9864, 268.319, 0, '', 0, 0, 0, '', '', ''),
(234, 2, 0, 150000, 37, '0|0|0|0|0', '0|0|0|0|0|0|0|0|0', '0|0|0|0', 0, 0, 0, 0, 0, 1285.27, -1090.33, 28.2578, 272.535, 1279.4, -1098.76, 25.6744, 89.6882, 0, '', 0, 0, 0, '', '', ''),
(235, 2, 0, 150000, 37, '0|0|0|0|0', '0|0|0|0|0|0|0|0|0', '0|0|0|0', 0, 0, 0, 0, 1, 1285.26, -1067.39, 31.6789, 271.692, 1280.44, -1058.79, 29.1607, 90.9599, 0, '', 0, 0, 0, '', '', ''),
(236, 2, 0, 151000, 37, '0|0|0|0|0', '0|0|0|0|0|0|0|0|0', '0|0|0|0', 0, 0, 0, 0, 0, 1241.95, -1076.52, 31.5547, 91.9011, 1246.46, -1067.77, 28.7881, 272.483, 0, '', 0, 0, 0, '', '', ''),
(237, 2, 0, 125000, 15, '0|0|0|0|0', '0|0|0|0|0|0|0|0|0', '0|0|0|0', 0, 0, 0, 0, 1, 1242.26, -1099.42, 27.9766, 89.3155, 1246.5, -1108.06, 25.1325, 268.199, 0, '', 0, 0, 0, '', '', ''),
(238, 2, 0, 151000, 37, '0|0|0|0|0', '0|0|0|0|0|0|0|0|0', '0|0|0|0', 0, 0, 0, 0, 1, 1183.47, -1076.06, 31.6789, 268.086, 1177.77, -1067.56, 28.6086, 91.4823, 0, '', 0, 0, 0, '', '', ''),
(239, 2, 0, 150000, 37, '0|0|0|0|0', '0|0|0|0|0|0|0|0|0', '0|0|0|0', 0, 0, 0, 0, 1, 1183.48, -1099.02, 28.2578, 269.893, 1178.21, -1107.89, 24.9456, 92.913, 0, '', 0, 0, 0, '', '', ''),
(240, 2, 0, 120000, 25, '0|0|0|0|0', '0|0|0|0|0|0|0|0|0', '0|0|0|0', 0, 0, 0, 0, 1, 1141.8, -1069.87, 31.7656, 91.3027, 1146.69, -1061.35, 29.2838, 271.219, 0, '', 0, 0, 0, '', '', ''),
(241, 2, 0, 135000, 15, '0|0|0|0|0', '0|0|0|0|0|0|0|0|0', '0|0|0|0', 0, 0, 0, 0, 0, 1142.12, -1092.87, 28.1875, 88.5058, 1146.36, -1101.18, 25.3669, 269.348, 0, '', 0, 0, 0, '', '', ''),
(242, 2, 0, 130000, 25, '0|0|0|0|0', '0|0|0|0|0|0|0|0|0', '0|0|0|0', 0, 0, 0, 0, 1, 1103.4, -1069.58, 31.8899, 270.132, 1098.6, -1060.85, 29.2683, 91.5852, 0, '', 0, 0, 0, '', '', ''),
(243, 2, 0, 132000, 28, '0|0|0|0|0', '0|0|0|0|0|0|0|0|0', '0|0|0|0', 0, 0, 0, 0, 1, 1103.41, -1092.48, 28.4688, 273.001, 1098.13, -1101.27, 25.1437, 89.5255, 0, '', 0, 0, 0, '', '', ''),
(244, 2, 0, 135000, 25, '0|0|0|0|0', '0|0|0|0|0|0|0|0|0', '0|0|0|0', 0, 0, 0, 0, 0, 1068.42, -1081.33, 27.5472, 92.2297, 1077, -1081.91, 26.4048, 178.878, 0, '', 0, 0, 0, '', '', ''),
(245, 2, 0, 135000, 15, '0|0|0|0|0', '0|0|0|0|0|0|0|0|0', '0|0|0|0', 0, 0, 0, 0, 1, 1059.32, -1105.14, 28.0451, 1.95094, 1071.9, -1102.89, 24.4085, 263.891, 0, '', 0, 0, 0, '', '', ''),
(246, 2, 0, 180000, 13, '1|1|0|0|0', '0|0|0|0|0|0|0|0|0', '295|0|0|102', 0, 23, 1, 0, 0, 993.699, -1059.03, 33.6995, 181.125, 1004.08, -1054.17, 30.5811, 1.1653, 1, 'Charlee_Testest', 0, 0, 0, '', '', ''),
(247, 2, 0, 182000, 13, '0|0|0|0|0', '0|0|0|0|0|0|0|0|0', '0|0|0|0', 0, 0, 0, 0, 0, 1051.02, -1059.3, 34.7966, 183.608, 1040.79, -1054.86, 31.3513, 1.393, 0, '', 0, 0, 0, '', '', ''),
(248, 2, 0, 140000, 37, '0|0|0|0|0', '0|0|0|0|0|0|0|0|0', '0|0|0|0', 0, 0, 0, 0, 1, 1128.01, -1021.17, 34.9922, 1.25117, 1137.74, -1024.85, 31.502, 178.406, 0, '', 0, 0, 0, '', '', ''),
(249, 2, 0, 140000, 37, '0|0|0|0|0', '0|0|0|0|0|0|0|0|0', '0|0|0|0', 0, 0, 0, 0, 1, 1118.1, -1021.17, 34.9922, 359.878, 1107.89, -1024.85, 31.5689, 182.237, 0, '', 0, 0, 0, '', '', ''),
(250, 2, 0, 250000, 15, '0|0|0|0|0', '0|0|0|0|0|0|0|0|0', '0|0|0|0', 0, 0, 0, 0, 0, 1421.8, -886.228, 50.6862, 181.767, 1430.12, -882.475, 50.4166, 40.8003, 0, '', 0, 0, 0, '', '', ''),
(251, 2, 0, 250000, 15, '0|0|0|0|0', '0|0|0|0|0|0|0|0|0', '0|0|0|0', 0, 0, 0, 0, 0, 1468.6, -906.185, 54.8359, 181.745, 1464.13, -902.478, 54.4847, 359.934, 0, '', 0, 0, 0, '', '', ''),
(252, 2, 0, 230000, 15, '0|0|0|0|0', '0|0|0|0|0|0|0|0|0', '0|0|0|0', 0, 0, 0, 0, 0, 1535.75, -885.28, 57.6575, 136.134, 1516.09, -878.154, 61.3481, 42.5908, 0, '', 0, 0, 0, '', '', ''),
(253, 2, 0, 260000, 18, '0|0|0|0|0', '0|0|0|0|0|0|0|0|0', '0|0|0|0', 0, 0, 0, 0, 0, 1540.47, -851.385, 64.3361, 271.866, 1536.65, -841.686, 64.3253, 92.7344, 0, '', 0, 0, 0, '', '', ''),
(254, 2, 0, 240000, 19, '0|0|0|0|0', '0|0|0|0|0|0|0|0|0', '0|0|0|0', 0, 0, 0, 0, 0, 1535.04, -800.201, 72.8495, 270.264, 1529.45, -813.8, 71.4739, 89.1266, 0, '', 0, 0, 0, '', '', ''),
(255, 2, 0, 240000, 19, '0|0|0|0|0', '0|0|0|0|0|0|0|0|0', '0|0|0|0', 0, 0, 0, 0, 0, 1527.82, -772.581, 80.5781, 317.031, 1515.36, -766.193, 79.7945, 137.54, 0, '', 0, 0, 0, '', '', ''),
(256, 3, 0, 400000, 27, '0|0|0|0|0', '0|0|0|0|0|0|0|0|0', '0|0|0|0', 0, 0, 0, 0, 1, 1496.98, -687.892, 95.5633, 1.63937, 1506.06, -691.053, 94.3132, 136.603, 0, '', 0, 0, 0, '', '', ''),
(257, 2, 0, 260000, 7, '0|0|0|0|0', '0|0|0|0|0|0|0|0|0', '0|0|0|0', 0, 0, 0, 0, 0, 1442.58, -628.831, 95.7186, 2.66866, 1446.99, -635.594, 95.6931, 178.212, 0, '', 0, 0, 0, '', '', ''),
(258, 2, 0, 260000, 7, '0|0|0|0|0', '0|0|0|0|0|0|0|0|0', '0|0|0|0', 0, 0, 0, 0, 1, 1332.2, -633.474, 109.135, 199.655, 1362.63, -619.885, 109.25, 106.362, 0, '', 0, 0, 0, '', '', ''),
(259, 3, 0, 270000, 14, '0|0|0|0|0', '0|0|0|0|0|0|0|0|0', '0|0|0|0', 0, 0, 0, 0, 0, 1094.98, -647.915, 113.648, 184.78, 1088.69, -640.322, 113.184, 314.223, 0, '', 0, 0, 0, '', '', ''),
(260, 3, 0, 380000, 27, '0|0|0|0|0', '0|0|0|0|0|0|0|0|0', '0|0|0|0', 0, 0, 0, 0, 1, 1045.14, -642.943, 120.117, 191.078, 1038.54, -639.898, 120.235, 10.1786, 0, '', 0, 0, 0, '', '', ''),
(261, 3, 0, 400000, 27, '1|1|0|0|0', '0|0|0|0|0|0|0|0|0', '294|0|0|275', 0, 0, 0, 0, 0, 980.465, -677.278, 121.976, 211.583, 1006.82, -663.035, 121.262, 32.1498, 44, 'Darth_Vader', 0, 0, 0, '', '', ''),
(262, 2, 0, 240000, 18, '0|0|0|0|0', '0|0|0|0|0|0|0|0|0', '0|0|0|0', 0, 0, 0, 0, 0, 897.922, -677.113, 116.89, 55.488, 912.224, -665.195, 117.102, 233.854, 0, '', 0, 0, 0, '', '', ''),
(263, 2, 0, 260000, 25, '0|0|0|0|0', '0|0|0|0|0|0|0|0|0', '0|0|0|0', 0, 0, 0, 0, 0, 946.296, -710.707, 122.62, 211.171, 940.951, -708.905, 122.27, 28.4523, 0, '', 0, 0, 0, '', '', ''),
(264, 2, 0, 260000, 25, '0|0|0|0|0', '0|0|0|0|0|0|0|0|0', '0|0|0|0', 0, 0, 0, 0, 0, 867.51, -717.589, 105.68, 156.591, 865.158, -711.83, 105.796, 333.226, 0, '', 0, 0, 0, '', '', ''),
(265, 2, 0, 250000, 18, '0|0|0|0|0', '0|0|0|0|0|0|0|0|0', '0|0|0|0', 0, 0, 0, 0, 0, 848.003, -745.524, 94.9693, 133.387, 856.504, -747.792, 95.0844, 225.692, 0, '', 0, 0, 0, '', '', ''),
(266, 2, 0, 260000, 18, '0|0|0|0|0', '0|0|0|0|0|0|0|0|0', '0|0|0|0', 0, 0, 0, 0, 0, 808.247, -759.33, 76.5314, 106.625, 814.727, -768.319, 76.9988, 262.928, 0, '', 0, 0, 0, '', '', ''),
(267, 2, 0, 250000, 25, '0|0|0|0|0', '0|0|0|0|0|0|0|0|0', '0|0|0|0', 0, 0, 0, 0, 0, 785.901, -828.594, 70.2896, 190.016, 790.35, -824.125, 70.1327, 13.7746, 0, '', 0, 0, 0, '', '', ''),
(268, 3, 0, 380000, 27, '0|0|0|0|0', '0|0|0|0|0|0|0|0|0', '0|0|0|0', 0, 0, 0, 0, 0, 891.293, -783.113, 101.314, 204.731, 896.171, -777.6, 101.43, 287.191, 0, '', 0, 0, 0, '', '', ''),
(269, 3, 0, 270000, 7, '0|0|0|0|0', '0|0|0|0|0|0|0|0|0', '0|0|0|0', 0, 0, 0, 0, 0, 977.426, -771.718, 112.203, 181.429, 972.639, -759.805, 111.933, 95.3571, 0, '', 0, 0, 0, '', '', ''),
(270, 3, 6, 420000, 27, '1|1|0|0|0', '0|0|0|0|0|0|0|0|0', '252|100|0|17', 0, 0, 0, 0, 0, 1298.57, -797.986, 84.1406, 4.09103, 1243.45, -806.779, 84.2567, 178.675, 37, 'Skorp_Soprano', 0, 0, 0, '', '', ''),
(271, 2, 0, 260000, 7, '0|0|0|0|0', '0|0|0|0|0|0|0|0|0', '0|0|0|0', 0, 0, 0, 0, 1, 1112.64, -742.15, 100.133, 270.088, 1108.36, -732.419, 100.685, 89.9414, 0, '', 0, 0, 0, '', '', '');
INSERT INTO `houses` (`id`, `class`, `day`, `price`, `hint`, `improve`, `gun`, `skin`, `safecode`, `safemoney`, `drugs`, `products`, `close`, `x`, `y`, `z`, `r`, `parkx`, `parky`, `parkz`, `parkr`, `ownerid`, `owner`, `inhabit2id`, `inhabit3id`, `inhabit4id`, `inhabit2`, `inhabit3`, `inhabit4`) VALUES
(272, 2, 0, 300000, 26, '0|0|0|0|0', '0|0|0|0|0|0|0|0|0', '0|0|0|0', 0, 0, 0, 0, 0, 1093.95, -807.133, 107.419, 190.834, 1087.64, -782.447, 107.506, 59.3284, 0, '', 0, 0, 0, '', '', ''),
(273, 2, 0, 230000, 18, '0|0|0|0|0', '0|0|0|0|0|0|0|0|0', '0|0|0|0', 0, 0, 0, 0, 0, 1016.9, -763.363, 112.563, 178.083, 1022.76, -776.609, 103.133, 101.83, 0, '', 0, 0, 0, '', '', ''),
(274, 2, 0, 250000, 25, '0|0|0|0|0', '0|0|0|0|0|0|0|0|0', '0|0|0|0', 0, 0, 0, 0, 1, 1034.81, -813.187, 101.852, 201.828, 1029.56, -811.455, 101.967, 19.0224, 0, '', 0, 0, 0, '', '', ''),
(275, 2, 0, 250000, 25, '0|0|0|0|0', '0|0|0|0|0|0|0|0|0', '0|0|0|0', 0, 0, 0, 0, 0, 989.804, -828.655, 95.4686, 210.181, 978.821, -829.531, 95.9439, 29.4097, 0, '', 0, 0, 0, '', '', ''),
(276, 2, 0, 270000, 25, '0|0|0|0|0', '0|0|0|0|0|0|0|0|0', '0|0|0|0', 0, 0, 0, 0, 1, 937.932, -848.685, 93.5772, 203.462, 943.317, -840.261, 94.4756, 27.8727, 0, '', 0, 0, 0, '', '', ''),
(277, 2, 0, 250000, 25, '0|0|0|0|0', '0|0|0|0|0|0|0|0|0', '0|0|0|0', 0, 0, 0, 0, 1, 923.919, -853.441, 93.4565, 116.151, 928.598, -851.138, 93.6215, 23.0438, 0, '', 0, 0, 0, '', '', ''),
(278, 2, 0, 250000, 7, '0|0|0|0|0', '0|0|0|0|0|0|0|0|0', '0|0|0|0', 0, 0, 0, 0, 0, 910.466, -817.505, 103.126, 212.876, 912.226, -832.793, 92.5001, 206.052, 0, '', 0, 0, 0, '', '', ''),
(279, 1, 0, 180000, 23, '0|0|0|0|0', '0|0|0|0|0|0|0|0|0', '0|0|0|0', 0, 0, 0, 0, 0, 827.778, -857.995, 70.3308, 21.0185, 831.805, -857.917, 70.041, 198.362, 0, '', 0, 0, 0, '', '', ''),
(280, 3, 0, 260000, 13, '0|0|0|0|0', '0|0|0|0|0|0|0|0|0', '0|0|0|0', 0, 0, 0, 0, 1, 836.019, -894.903, 68.7689, 141.435, 830.269, -886.59, 68.836, 265.534, 0, '', 0, 0, 0, '', '', ''),
(281, 1, 0, 180000, 23, '0|0|0|0|0', '0|0|0|0|0|0|0|0|0', '0|0|0|0', 0, 0, 0, 0, 1, 724.8, -999.436, 52.7344, 149.606, 726.033, -995.281, 52.776, 61.5514, 0, '', 0, 0, 0, '', '', ''),
(282, 2, 0, 170000, 23, '0|0|0|0|0', '0|0|0|0|0|0|0|0|0', '0|0|0|0', 0, 0, 0, 0, 1, 673.096, -1020.21, 55.7596, 240.821, 684.435, -1024.72, 51.5781, 176.278, 0, '', 0, 0, 0, '', '', ''),
(283, 2, 0, 230000, 25, '0|0|0|0|0', '0|0|0|0|0|0|0|0|0', '0|0|0|0', 0, 0, 0, 0, 0, 700.279, -1060.3, 49.4217, 241.339, 687.162, -1073.42, 49.6218, 61.2223, 0, '', 0, 0, 0, '', '', ''),
(284, 1, 0, 170000, 23, '0|0|0|0|0', '0|0|0|0|0|0|0|0|0', '0|0|0|0', 0, 0, 0, 0, 0, 648.356, -1058.67, 52.5799, 232.528, 658.075, -1066.69, 48.8797, 167.259, 0, '', 0, 0, 0, '', '', ''),
(285, 2, 0, 240000, 7, '0|0|0|0|0', '0|0|0|0|0|0|0|0|0', '0|0|0|0', 0, 0, 0, 0, 0, 612.211, -1085.89, 58.8267, 215.957, 616.653, -1103.12, 46.8962, 130.252, 0, '', 0, 0, 0, '', '', ''),
(286, 2, 0, 260000, 25, '0|0|0|0|0', '0|0|0|0|0|0|0|0|0', '0|0|0|0', 0, 0, 0, 0, 0, 645.973, -1117.44, 44.207, 226.907, 635.326, -1120.98, 45.2521, 44.045, 0, '', 0, 0, 0, '', '', ''),
(287, 2, 0, 250000, 7, '0|0|0|0|0', '0|0|0|0|0|0|0|0|0', '0|0|0|0', 0, 0, 0, 0, 0, 470.787, -1163.7, 67.2168, 17.2256, 475.129, -1175.72, 63.517, 112.08, 0, '', 0, 0, 0, '', '', ''),
(288, 2, 0, 260000, 7, '0|0|0|0|0', '0|0|0|0|0|0|0|0|0', '0|0|0|0', 0, 0, 0, 0, 0, 416.804, -1154.14, 76.6876, 330.838, 405.353, -1153.79, 77.4391, 148.005, 0, '', 0, 0, 0, '', '', ''),
(289, 2, 0, 230000, 25, '0|0|0|0|0', '0|0|0|0|0|0|0|0|0', '0|0|0|0', 0, 0, 0, 0, 0, 352.394, -1197.95, 76.5156, 221.638, 346.361, -1196.7, 76.6322, 36.0287, 0, '', 0, 0, 0, '', '', ''),
(290, 3, 0, 410000, 27, '0|0|0|0|0', '0|0|0|0|0|0|0|0|0', '0|0|0|0', 0, 0, 0, 0, 0, 300.258, -1154.47, 81.3907, 315.365, 288.389, -1157.72, 81.0272, 224.38, 0, '', 0, 0, 0, '', '', ''),
(291, 3, 0, 320000, 27, '0|0|0|0|0', '0|0|0|0|0|0|0|0|0', '0|0|0|0', 0, 0, 0, 0, 0, 251.418, -1220.22, 76.1024, 37.4761, 258.791, -1221.52, 74.9569, 214.721, 0, '', 0, 0, 0, '', '', ''),
(292, 3, 0, 330000, 27, '0|0|0|0|0', '0|0|0|0|0|0|0|0|0', '0|0|0|0', 0, 0, 0, 0, 1, 265.625, -1287.85, 74.6325, 35.0398, 276.792, -1268.34, 74.0626, 306.306, 0, '', 0, 0, 0, '', '', ''),
(293, 3, 0, 400000, 27, '0|0|0|0|0', '0|0|0|0|0|0|0|0|0', '0|0|0|0', 0, 0, 0, 0, 0, 189.638, -1308.2, 70.2494, 88.6918, 172.081, -1340.92, 69.8721, 179.409, 0, '', 0, 0, 0, '', '', ''),
(294, 1, 0, 180000, 23, '0|0|0|0|0', '0|0|0|0|0|0|0|0|0', '0|0|0|0', 0, 0, 0, 0, 1, 228.035, -1405.48, 51.6094, 150.552, 231.579, -1401.63, 51.7065, 40.4787, 0, '', 0, 0, 0, '', '', ''),
(295, 3, 0, 280000, 13, '0|0|0|0|0', '0|0|0|0|0|0|0|0|0', '0|0|0|0', 0, 0, 0, 0, 0, 254.465, -1367.25, 53.1094, 130.662, 252.237, -1359.19, 53.2242, 296.994, 0, '', 0, 0, 0, '', '', ''),
(296, 3, 0, 280000, 27, '0|0|0|0|0', '0|0|0|0|0|0|0|0|0', '0|0|0|0', 0, 0, 0, 0, 1, 298.866, -1338.49, 53.4415, 218.849, 311.499, -1333.54, 53.564, 25.0614, 0, '', 0, 0, 0, '', '', ''),
(297, 0, 0, 160000, 6, '0|0|0|0|0', '0|0|0|0|0|0|0|0|0', '0|0|0|0', 0, 0, 0, 0, 0, 355.112, -1281.17, 53.7036, 209.961, 357.207, -1274.53, 53.9318, 295.46, 0, '', 0, 0, 0, '', '', ''),
(298, 1, 0, 200000, 23, '0|0|0|0|0', '0|0|0|0|0|0|0|0|0', '0|0|0|0', 0, 0, 0, 0, 0, 398.149, -1271.38, 50.0198, 204.334, 406.098, -1263.19, 50.7586, 24.454, 0, '', 0, 0, 0, '', '', ''),
(299, 1, 0, 200000, 23, '0|0|0|0|0', '0|0|0|0|0|0|0|0|0', '0|0|0|0', 0, 0, 0, 0, 1, 432.173, -1253.91, 51.5809, 200.938, 423.129, -1260.26, 51.6973, 23.2748, 0, '', 0, 0, 0, '', '', ''),
(300, 2, 0, 220000, 25, '0|0|0|0|0', '0|0|0|0|0|0|0|0|0', '0|0|0|0', 0, 0, 0, 0, 0, 552.912, -1200.29, 44.8315, 201.442, 542.597, -1202.04, 44.6067, 296.763, 0, '', 0, 0, 0, '', '', '');

-- --------------------------------------------------------

--
-- phpMyAdmin SQL Dump
-- version 3.4.11.1deb2+deb7u1
-- http://www.phpmyadmin.net
--
-- Host: localhost
-- Generation Time: Sep 09, 2015 at 07:32 PM
-- Server version: 5.5.41
-- PHP Version: 5.4.36-0+deb7u3

SET SQL_MODE="NO_AUTO_VALUE_ON_ZERO";
SET time_zone = "+00:00";


/*!40101 SET @OLD_CHARACTER_SET_CLIENT=@@CHARACTER_SET_CLIENT */;
/*!40101 SET @OLD_CHARACTER_SET_RESULTS=@@CHARACTER_SET_RESULTS */;
/*!40101 SET @OLD_COLLATION_CONNECTION=@@COLLATION_CONNECTION */;
/*!40101 SET NAMES utf8 */;

--
-- Database: `db15`
--

-- --------------------------------------------------------

--
-- Table structure for table `members`
--

CREATE TABLE IF NOT EXISTS `members` (
  `id` int(11) NOT NULL,
  `nickname` varchar(32) CHARACTER SET cp1251 COLLATE cp1251_bin NOT NULL,
  `password` varchar(32) CHARACTER SET cp1251 COLLATE cp1251_bin NOT NULL,
  `email` varchar(64) CHARACTER SET cp1251 COLLATE cp1251_bin NOT NULL,
  `ip` varchar(16) CHARACTER SET cp1251 COLLATE cp1251_bin NOT NULL,
  `warn` int(11) NOT NULL,
  `ban` int(14) NOT NULL,
  `mut` int(11) NOT NULL,
  `sex` int(1) NOT NULL,
  `age` int(3) NOT NULL,
  `skin` int(3) NOT NULL,
  `fractionskin` int(3) NOT NULL,
  `health` float NOT NULL,
  `armour` float NOT NULL,
  `Aptek` int(12) NOT NULL,
  `hunger` int(12) NOT NULL,
  `stamina` int(12) NOT NULL,
  `power` int(12) NOT NULL,
  `Bolnica` int(12) NOT NULL,
  `house` int(4) NOT NULL,
  `car` int(4) NOT NULL,
  `job` int(2) NOT NULL,
  `money` int(32) NOT NULL,
  `bank` int(12) NOT NULL,
  `admin` int(4) NOT NULL,
  `level` int(11) NOT NULL,
  `exp` int(11) NOT NULL,
  `phone` int(6) NOT NULL,
  `wanted` int(1) NOT NULL,
  `jail` int(5) NOT NULL,
  `prison` int(1) NOT NULL,
  `drugs` int(11) NOT NULL,
  `grain` int(12) NOT NULL,
  `ammo` int(11) NOT NULL,
  `gunamount` int(11) NOT NULL,
  `fraction` int(11) NOT NULL,
  `subfraction` int(2) NOT NULL,
  `rank` int(11) NOT NULL,
  `bussiness` int(11) NOT NULL,
  `watch` int(1) NOT NULL,
  `code` varchar(25) CHARACTER SET cp1251 COLLATE cp1251_bin NOT NULL,
  `requestcode` tinyint(1) NOT NULL,
  `Obraz1` int(12) NOT NULL,
  `Obraz3` int(12) NOT NULL,
  `Obraz4` int(12) NOT NULL,
  `licDrive` int(12) NOT NULL,
  `licFly` int(12) NOT NULL,
  `licBoat` int(12) NOT NULL,
  `licWeap` int(12) NOT NULL,
  `spawn` int(12) NOT NULL,
  `status` tinyint(1) NOT NULL,
  `last` varchar(44) CHARACTER SET cp1251 COLLATE cp1251_bin NOT NULL,
  `donate` int(8) NOT NULL,
  `vehiclekey` int(8) NOT NULL,
  `armytime` int(8) NOT NULL,
  `armyrank` int(2) NOT NULL,
  `divorce` varchar(54) CHARACTER SET cp1251 COLLATE cp1251_bin NOT NULL,
  `color1` int(12) NOT NULL,
  `color2` int(12) NOT NULL,
  `fuel` float NOT NULL,
  `limit` int(3) NOT NULL,
  `gun` varchar(255) CHARACTER SET cp1251 COLLATE cp1251_bin NOT NULL,
  `skills` varchar(255) CHARACTER SET cp1251 COLLATE cp1251_bin NOT NULL,
  `burger` int(4) NOT NULL,
  `salad` int(4) NOT NULL,
  `pizza` int(4) NOT NULL,
  `sprunk` int(4) NOT NULL,
  `beer` int(4) NOT NULL,
  `vodka` int(4) NOT NULL,
  `brandy` int(4) NOT NULL,
  `wine` int(4) NOT NULL,
  `shawarma` int(4) NOT NULL,
  `offorg` int(5) NOT NULL,
  `offrang` int(10) NOT NULL,
  `otel` int(15) NOT NULL,
  `otelnomer` int(15) NOT NULL,
  `carid` int(5) NOT NULL,
  `dvijok` int(5) NOT NULL,
  `kolesocar` int(12) NOT NULL,
  `Pistol_Skill` int(12) NOT NULL,
  `Eagle_Skill` int(12) NOT NULL,
  `ShotGun_Skill` int(12) NOT NULL,
  `MP5_Skill` int(12) NOT NULL,
  `AK47_Skill` int(12) NOT NULL,
  `M4_Skill` int(12) NOT NULL,
  `Sniper_Skill` int(12) NOT NULL
) ENGINE=InnoDB DEFAULT CHARSET=utf8;

--
-- Dumping data for table `members`
--

INSERT INTO `members` (`id`, `nickname`, `password`, `email`, `ip`, `warn`, `ban`, `mut`, `sex`, `age`, `skin`, `fractionskin`, `health`, `armour`, `Aptek`, `hunger`, `stamina`, `power`, `Bolnica`, `house`, `car`, `job`, `money`, `bank`, `admin`, `level`, `exp`, `phone`, `wanted`, `jail`, `prison`, `drugs`, `grain`, `ammo`, `gunamount`, `fraction`, `subfraction`, `rank`, `bussiness`, `watch`, `code`, `requestcode`, `Obraz1`, `Obraz3`, `Obraz4`, `licDrive`, `licFly`, `licBoat`, `licWeap`, `spawn`, `status`, `last`, `donate`, `vehiclekey`, `armytime`, `armyrank`, `divorce`, `color1`, `color2`, `fuel`, `limit`, `gun`, `skills`, `burger`, `salad`, `pizza`, `sprunk`, `beer`, `vodka`, `brandy`, `wine`, `shawarma`, `offorg`, `offrang`, `otel`, `otelnomer`, `carid`, `dvijok`, `kolesocar`, `Pistol_Skill`, `Eagle_Skill`, `ShotGun_Skill`, `MP5_Skill`, `AK47_Skill`, `M4_Skill`, `Sniper_Skill`) VALUES
(3633, 'Tommy_Wilson', 'TEST', 's@s.com', '127.0.0.1', 0, 0, 0, 1, 19, 293, 0, 100, 0, 0, 485, 0, 0, 0, 0, 0, 0, 1000, 100, 0, 1, 4, 0, 0, 0, 0, 0, 0, 0, 0, 0, 0, 0, 0, 0, '', 0, 0, 0, 0, 0, 0, 0, 0, 0, 0, '2015-7-14', 0, 0, 0, 0, '', 0, 0, 0, 0, '', '', 0, 0, 0, 0, 0, 0, 0, 0, 0, 0, 0, 0, 0, 0, 0, 0, 0, 0, 0, 0, 0, 0, 0);

/*!40101 SET CHARACTER_SET_CLIENT=@OLD_CHARACTER_SET_CLIENT */;
/*!40101 SET CHARACTER_SET_RESULTS=@OLD_CHARACTER_SET_RESULTS */;
/*!40101 SET COLLATION_CONNECTION=@OLD_COLLATION_CONNECTION */;

--
-- Table structure for table `serverdata`
--

CREATE TABLE IF NOT EXISTS `serverdata` (
  `gnewsmoney` int(11) NOT NULL,
  `army1gun` int(11) NOT NULL,
  `army1ammo` int(11) NOT NULL,
  `army2gun` int(11) NOT NULL,
  `army2ammo` int(11) NOT NULL,
  `lspdgun` int(11) NOT NULL,
  `lspdammo` int(11) NOT NULL,
  `sfpdgun` int(11) NOT NULL,
  `sfpdammo` int(11) NOT NULL,
  `lvpdgun` int(11) NOT NULL,
  `lvpdammo` int(11) NOT NULL,
  `kazna` int(11) NOT NULL,
  `kolvo` int(5) NOT NULL
) ENGINE=InnoDB DEFAULT CHARSET=cp1251 COLLATE=cp1251_bin;

--
-- Dumping data for table `serverdata`
--

INSERT INTO `serverdata` (`gnewsmoney`, `army1gun`, `army1ammo`, `army2gun`, `army2ammo`, `lspdgun`, `lspdammo`, `sfpdgun`, `sfpdammo`, `lvpdgun`, `lvpdammo`, `kazna`, `kolvo`) VALUES
(3745, 0, 13646870, 200, 13184190, 44500, 13756435, 148000, 13834600, 134500, 13828525, 898870, 45);

-- --------------------------------------------------------

--
-- Table structure for table `transport`
--

CREATE TABLE IF NOT EXISTS `transport` (
  `id` int(3) NOT NULL,
  `model` int(3) NOT NULL,
  `name` varchar(35) COLLATE cp1251_bin NOT NULL,
  `price` int(8) NOT NULL,
  `tank` int(3) NOT NULL,
  `consumption` int(2) NOT NULL,
  `class` int(1) NOT NULL,
  `fuelable` tinyint(1) NOT NULL DEFAULT '1',
  `sellable` tinyint(1) NOT NULL DEFAULT '1',
  `fuelmark` int(1) NOT NULL
) ENGINE=InnoDB AUTO_INCREMENT=213 DEFAULT CHARSET=cp1251 COLLATE=cp1251_bin ROW_FORMAT=DYNAMIC;

--
-- Dumping data for table `transport`
--

INSERT INTO `transport` (`id`, `model`, `name`, `price`, `tank`, `consumption`, `class`, `fuelable`, `sellable`, `fuelmark`) VALUES
(1, 400, 'Landstalker', 900000, 80, 12, 1, 1, 1, 1),
(2, 401, 'Bravura', 600000, 40, 6, 0, 1, 1, 2),
(3, 402, 'Buffalo', 1800000, 50, 15, 2, 1, 1, 3),
(4, 403, 'Linerunner', 0, 140, 12, 9, 1, 0, 1),
(5, 404, 'Perenniel', 500000, 40, 6, 0, 1, 1, 2),
(6, 405, 'Sentinel', 130000, 50, 10, 1, 1, 1, 3),
(7, 406, 'Dumper', 0, 200, 12, 9, 1, 0, 1),
(8, 407, 'Firetruck', 0, 100, 11, 9, 1, 0, 1),
(9, 408, 'Trashmaster', 0, 80, 10, 9, 1, 0, 1),
(10, 409, 'Stretch', 0, 60, 10, 9, 1, 0, 3),
(11, 410, 'Manana', 200000, 50, 8, 0, 1, 1, 2),
(12, 411, 'Infernus', 15000000, 60, 18, 2, 1, 1, 5),
(13, 412, 'Voodoo', 500000, 60, 10, 0, 1, 1, 3),
(14, 413, 'Pony', 400000, 110, 12, 0, 1, 1, 1),
(15, 414, 'Mule', 0, 110, 12, 9, 1, 0, 1),
(16, 415, 'Cheetah', 4000000, 60, 16, 2, 1, 1, 5),
(17, 416, 'Ambulance', 0, 80, 10, 9, 1, 0, 1),
(18, 417, 'Leviathan', 0, 0, 0, 9, 0, 0, 0),
(19, 418, 'Moonbeam', 500000, 70, 10, 9, 1, 0, 1),
(20, 419, 'Esperanto', 600000, 50, 12, 0, 1, 1, 2),
(21, 420, 'Taxi', 0, 60, 10, 9, 1, 0, 3),
(22, 421, 'Washington', 500000, 70, 11, 1, 1, 1, 3),
(23, 422, 'Bobcat', 300000, 80, 9, 0, 1, 1, 2),
(24, 423, 'Mr Whoopee', 0, 35, 5, 9, 1, 0, 1),
(25, 424, 'BF Injection', 1300000, 40, 12, 9, 1, 0, 4),
(26, 425, 'Hunter', 0, 0, 0, 9, 0, 0, 0),
(27, 426, 'Premier', 700000, 60, 11, 1, 1, 1, 3),
(28, 427, 'Enforcer', 0, 120, 12, 9, 1, 0, 1),
(29, 428, 'Securicar', 0, 100, 11, 9, 1, 0, 1),
(30, 429, 'Banshee', 3000000, 50, 15, 2, 1, 1, 5),
(31, 430, 'Predator', 0, 0, 0, 9, 0, 0, 0),
(32, 431, 'Bus', 0, 100, 10, 9, 1, 0, 1),
(33, 432, 'Rhino', 0, 200, 25, 9, 1, 0, 1),
(34, 433, 'Barracks', 0, 150, 18, 9, 1, 0, 1),
(35, 434, 'Hotknife', 4000000, 30, 14, 2, 1, 1, 4),
(36, 435, 'Article Trailer', 0, 0, 0, 9, 0, 0, 0),
(37, 436, 'Previon', 400000, 35, 11, 9, 1, 0, 2),
(38, 437, 'Coach', 0, 100, 10, 9, 1, 0, 1),
(39, 438, 'Cabbie', 0, 40, 9, 9, 1, 0, 2),
(40, 439, 'Stallion', 500000, 45, 10, 0, 1, 1, 2),
(41, 440, 'Rumpo', 0, 100, 9, 9, 1, 0, 1),
(42, 441, 'RC Bandit', 0, 0, 0, 9, 0, 0, 0),
(43, 442, 'Romero', 0, 60, 12, 9, 1, 0, 3),
(44, 443, 'Packer', 0, 140, 13, 9, 1, 0, 1),
(45, 444, 'Monster', 0, 100, 20, 9, 1, 0, 1),
(46, 445, 'Admiral', 800000, 60, 11, 1, 1, 1, 3),
(47, 446, 'Squallo', 0, 0, 0, 9, 0, 0, 0),
(48, 447, 'Seasparrow', 0, 0, 0, 9, 0, 0, 0),
(49, 448, 'Pizzaboy', 0, 0, 0, 9, 0, 0, 0),
(50, 453, 'Reefer', 0, 0, 0, 9, 0, 0, 0),
(51, 449, 'Tram', 0, 0, 0, 9, 0, 0, 0),
(52, 450, 'Trailer 2', 0, 0, 0, 9, 0, 0, 0),
(53, 451, 'Turismo', 8000000, 50, 18, 2, 1, 1, 5),
(54, 452, 'Speeder', 0, 0, 0, 9, 0, 0, 0),
(55, 454, 'Tropic', 0, 0, 0, 9, 0, 0, 0),
(56, 455, 'Flatbed', 0, 110, 11, 9, 1, 0, 1),
(57, 456, 'Yankee', 0, 110, 10, 9, 1, 0, 1),
(58, 457, 'Caddy', 100000, 20, 3, 0, 1, 1, 2),
(59, 458, 'Solair', 700000, 50, 12, 9, 1, 0, 2),
(60, 459, 'Topfun', 0, 70, 10, 9, 1, 0, 1),
(61, 460, 'Skimmer', 0, 0, 0, 9, 0, 0, 0),
(62, 461, 'PCJ-600', 700000, 25, 14, 3, 1, 1, 3),
(63, 462, 'Faggio', 40000, 0, 0, 3, 0, 1, 0),
(64, 463, 'Freeway', 600000, 25, 10, 3, 1, 1, 4),
(65, 464, 'RC Baron', 0, 0, 0, 9, 0, 0, 0),
(66, 465, 'RC Raider', 0, 0, 0, 9, 0, 0, 0),
(67, 466, 'Glendale', 400000, 60, 11, 0, 1, 1, 2),
(68, 467, 'Oceanic', 400000, 60, 11, 0, 1, 1, 2),
(69, 468, 'Sanchez', 300000, 15, 7, 3, 1, 1, 3),
(70, 469, 'Sparrow', 0, 0, 0, 9, 0, 0, 0),
(71, 470, 'Patriot', 0, 80, 10, 9, 1, 0, 1),
(72, 471, 'Quad', 100000, 30, 10, 3, 1, 1, 3),
(73, 472, 'Coastguard', 0, 0, 0, 9, 0, 0, 0),
(74, 473, 'Dinghy', 0, 0, 0, 9, 0, 0, 0),
(75, 474, 'Hermes', 500000, 50, 10, 0, 1, 1, 2),
(76, 475, 'Sabre', 900000, 50, 13, 1, 1, 1, 3),
(77, 476, 'Rustler', 0, 0, 0, 9, 0, 0, 0),
(78, 477, 'ZR-350', 3500000, 50, 14, 2, 1, 1, 4),
(79, 478, 'Walton', 200000, 35, 9, 9, 1, 0, 1),
(80, 479, 'Regina', 300000, 70, 10, 0, 1, 1, 2),
(81, 480, 'Comet', 2000000, 40, 14, 2, 1, 1, 4),
(82, 481, 'BMX', 2000, 0, 0, 3, 0, 1, 0),
(83, 482, 'Burrito', 700000, 70, 11, 9, 1, 0, 1),
(84, 483, 'Camper', 500000, 50, 10, 9, 1, 0, 1),
(85, 484, 'Marquis', 0, 0, 0, 9, 0, 0, 0),
(86, 485, 'Baggage', 0, 0, 0, 9, 0, 0, 0),
(87, 486, 'Dozer', 0, 50, 19, 9, 1, 0, 1),
(88, 487, 'Maverick', 0, 0, 0, 9, 0, 0, 0),
(89, 488, 'Maverick', 0, 0, 0, 9, 0, 0, 0),
(90, 489, 'Rancher', 2000000, 80, 12, 9, 1, 0, 1),
(91, 490, 'Rancher', 0, 80, 12, 9, 1, 0, 1),
(92, 491, 'Virgo', 300000, 45, 9, 0, 1, 1, 3),
(93, 492, 'Greenwood', 300000, 50, 10, 0, 1, 1, 3),
(94, 493, 'Jetmax', 0, 0, 0, 9, 0, 0, 0),
(95, 494, 'Hotring', 5000000, 50, 17, 9, 1, 0, 5),
(96, 495, 'Sandking', 0, 100, 10, 9, 1, 0, 4),
(97, 496, 'Blista', 500000, 40, 11, 1, 1, 1, 3),
(98, 497, 'Maverick', 0, 0, 0, 9, 0, 0, 0),
(99, 498, 'Boxville', 0, 80, 9, 9, 1, 0, 1),
(100, 499, 'Benson', 0, 80, 9, 9, 1, 0, 1),
(101, 500, 'Mesa', 400000, 40, 10, 1, 1, 1, 3),
(102, 501, 'RC Goblin', 0, 0, 0, 9, 0, 0, 0),
(103, 502, 'Hotring', 7000000, 50, 18, 9, 1, 0, 5),
(104, 503, 'Hotring', 6500000, 50, 17, 9, 1, 0, 5),
(105, 504, 'Banger', 0, 50, 12, 9, 1, 0, 4),
(106, 505, 'Rancher', 800000, 80, 12, 1, 1, 1, 1),
(107, 506, 'Super GT', 3500000, 50, 16, 2, 1, 1, 5),
(108, 507, 'Elegant', 600000, 60, 10, 1, 1, 1, 3),
(109, 508, 'Camper', 3000000, 45, 12, 9, 1, 0, 1),
(110, 509, 'Bike', 2100, 0, 0, 3, 0, 1, 0),
(111, 510, 'Mountain Bike', 5000, 0, 0, 3, 0, 1, 0),
(112, 511, 'Beagle', 0, 0, 0, 9, 0, 0, 0),
(113, 512, 'Cropduster', 0, 0, 0, 9, 0, 0, 0),
(114, 513, 'Stuntplane', 0, 0, 0, 9, 0, 0, 0),
(115, 514, 'Petrol Tanker', 0, 120, 12, 9, 1, 0, 1),
(116, 515, 'Roadtrain', 0, 140, 14, 9, 1, 0, 1),
(117, 516, 'Nebula', 400000, 50, 9, 9, 1, 0, 3),
(118, 517, 'Majestic', 500000, 50, 10, 0, 1, 1, 2),
(119, 518, 'Buccaneer', 400000, 50, 10, 0, 1, 1, 2),
(120, 519, 'Shamal', 0, 0, 0, 9, 0, 0, 0),
(121, 520, 'Hydra', 0, 0, 0, 9, 0, 0, 0),
(122, 521, 'FCR-900', 1200000, 25, 14, 3, 1, 1, 4),
(123, 522, 'NRG-500', 8500000, 35, 18, 3, 1, 1, 5),
(124, 523, 'Cop Bike', 0, 25, 9, 9, 1, 0, 3),
(125, 524, 'Cement Truck', 0, 80, 10, 9, 1, 0, 1),
(126, 525, 'Towtruck', 0, 50, 9, 9, 1, 0, 1),
(127, 526, 'Fortune', 400000, 50, 10, 1, 1, 1, 3),
(128, 527, 'Cadrona', 300000, 40, 8, 1, 1, 1, 3),
(129, 528, 'FBI Truck', 0, 60, 12, 9, 1, 0, 1),
(130, 529, 'Willard', 700000, 60, 10, 9, 1, 0, 2),
(131, 530, 'Forklift', 0, 15, 3, 9, 1, 0, 2),
(132, 531, 'Tractor', 0, 20, 4, 9, 1, 0, 1),
(133, 532, 'Combine', 0, 30, 7, 9, 1, 0, 1),
(134, 533, 'Feltzer', 400000, 40, 11, 1, 1, 1, 2),
(135, 534, 'Remington', 900000, 60, 12, 1, 1, 1, 4),
(136, 535, 'Slamvan', 600000, 60, 14, 1, 1, 1, 3),
(137, 536, 'Blade', 2000000, 60, 12, 9, 1, 0, 3),
(138, 537, 'Freight', 0, 0, 0, 9, 0, 0, 0),
(139, 538, 'Brownstreak ', 0, 0, 0, 9, 0, 0, 0),
(140, 539, 'Vortex', 0, 10, 2, 9, 1, 0, 3),
(141, 540, 'Vincent', 700000, 50, 10, 9, 1, 0, 3),
(142, 541, 'Bullet', 9000000, 50, 18, 2, 1, 1, 5),
(143, 542, 'Clover', 300000, 50, 6, 0, 1, 1, 2),
(144, 543, 'Sadler', 200000, 50, 9, 0, 1, 1, 2),
(145, 544, 'Firetruck', 0, 90, 12, 9, 1, 0, 1),
(146, 545, 'Hustler', 500000, 35, 14, 0, 1, 1, 2),
(147, 546, 'Intruder', 400000, 50, 8, 9, 1, 0, 3),
(148, 547, 'Primo', 400000, 50, 8, 9, 1, 0, 3),
(149, 548, 'Cargobob', 0, 0, 0, 9, 0, 0, 0),
(150, 549, 'Tampa', 200000, 50, 11, 0, 1, 1, 2),
(151, 550, 'Sunrise', 800000, 50, 10, 9, 1, 0, 3),
(152, 551, 'Merit', 700000, 50, 10, 1, 1, 1, 3),
(153, 552, 'Utility Van', 0, 50, 9, 9, 1, 0, 1),
(154, 553, 'Nevada', 0, 0, 0, 9, 0, 0, 0),
(155, 554, 'Yosemite', 700000, 50, 10, 1, 1, 1, 1),
(156, 555, 'Windsor', 500000, 35, 15, 1, 1, 1, 4),
(157, 556, 'Monster "A"', 0, 100, 15, 9, 1, 0, 1),
(158, 557, 'Monster "B"', 0, 100, 15, 9, 1, 0, 1),
(159, 558, 'Uranus', 2000000, 50, 11, 1, 1, 1, 4),
(160, 559, 'Jester', 2000000, 50, 12, 2, 1, 1, 4),
(161, 560, 'Sultan', 2500000, 50, 12, 2, 1, 1, 4),
(162, 561, 'Stratum', 900000, 50, 10, 1, 1, 1, 3),
(163, 562, 'Elegy', 1500000, 50, 13, 2, 1, 1, 4),
(164, 563, 'Raindance', 0, 0, 0, 9, 0, 0, 0),
(165, 564, 'RC Tiger', 0, 0, 0, 9, 0, 0, 0),
(166, 565, 'Flash', 2000000, 50, 13, 9, 1, 0, 4),
(167, 566, 'Tahoma', 1000000, 50, 9, 1, 1, 1, 3),
(168, 567, 'Savanna', 1000000, 50, 10, 1, 1, 1, 3),
(169, 568, 'Bandito', 0, 15, 10, 9, 1, 0, 4),
(170, 569, 'Flat Trailer ', 0, 0, 0, 9, 0, 0, 0),
(171, 570, 'Streak Trailer', 0, 0, 0, 9, 0, 0, 0),
(172, 571, 'Kart', 0, 10, 2, 9, 1, 0, 4),
(173, 572, 'Mower', 0, 10, 2, 9, 1, 0, 1),
(174, 573, 'Dune', 0, 35, 8, 9, 1, 0, 1),
(175, 574, 'Sweeper', 0, 10, 2, 9, 1, 0, 2),
(176, 575, 'Broadway', 500000, 50, 11, 0, 1, 1, 2),
(177, 576, 'Tornado', 500000, 50, 10, 0, 1, 1, 2),
(178, 577, 'AT400', 0, 0, 0, 9, 0, 0, 0),
(179, 578, 'DFT-30', 0, 70, 12, 9, 1, 0, 1),
(180, 579, 'Huntley', 1800000, 70, 12, 1, 1, 1, 1),
(181, 580, 'Stafford', 900000, 50, 11, 1, 1, 1, 4),
(182, 581, 'BF-400', 2000000, 25, 12, 9, 1, 0, 3),
(183, 582, 'Newsvan', 0, 80, 9, 9, 1, 0, 1),
(184, 583, 'Tug', 0, 10, 3, 9, 1, 0, 2),
(185, 584, 'Petrol Trailer', 0, 0, 0, 9, 0, 0, 0),
(186, 585, 'Emperor', 900000, 50, 10, 0, 1, 1, 2),
(187, 586, 'Wayfarer', 300000, 25, 12, 3, 1, 1, 3),
(188, 587, 'Euros', 3000000, 50, 10, 2, 1, 1, 4),
(189, 588, 'Hotdog', 0, 30, 7, 9, 1, 0, 1),
(190, 589, 'Club', 1200000, 50, 14, 1, 1, 1, 3),
(191, 590, 'Box Trailer', 0, 0, 0, 9, 0, 0, 0),
(192, 591, 'Article', 0, 0, 0, 9, 0, 0, 0),
(193, 592, 'Andromada', 0, 0, 0, 9, 0, 0, 0),
(194, 593, 'Dodo', 0, 0, 0, 9, 0, 0, 0),
(195, 594, 'RC Cam', 0, 0, 0, 9, 0, 0, 0),
(196, 595, 'Launch', 0, 0, 0, 9, 0, 0, 0),
(197, 596, 'Police Car', 0, 50, 10, 9, 1, 0, 3),
(198, 597, 'Police Car', 0, 50, 10, 9, 1, 0, 3),
(199, 598, 'Police Car', 0, 50, 8, 9, 1, 0, 3),
(200, 599, 'Ranger', 0, 80, 10, 9, 1, 0, 1),
(201, 600, 'Picador', 1500000, 40, 9, 0, 1, 1, 2),
(202, 601, 'S.W.A.T.', 0, 30, 8, 9, 1, 0, 1),
(203, 602, 'Alpha', 1100000, 50, 12, 2, 1, 1, 4),
(204, 603, 'Phoenix', 800000, 50, 14, 1, 1, 1, 4),
(205, 604, 'Glendale Shit', 0, 50, 10, 9, 1, 0, 2),
(206, 605, 'Sadler Shit', 0, 50, 10, 9, 1, 0, 2),
(207, 606, 'Baggage', 0, 0, 0, 9, 0, 0, 0),
(208, 607, 'Baggage', 0, 0, 0, 9, 0, 0, 0),
(209, 608, 'Tug Stairs Trailer', 0, 0, 0, 9, 0, 0, 0),
(210, 609, 'Boxburg', 0, 50, 10, 9, 1, 0, 1),
(211, 610, 'Farm Trailer', 0, 0, 0, 9, 0, 0, 0),
(212, 611, 'Utility Trailer', 0, 0, 0, 9, 0, 0, 0);

-- --------------------------------------------------------

--
-- Table structure for table `unitpay_payments`
--

CREATE TABLE IF NOT EXISTS `unitpay_payments` (
  `id` int(10) NOT NULL,
  `unitpayId` varchar(255) NOT NULL,
  `account` varchar(255) NOT NULL,
  `sum` float NOT NULL,
  `itemsCount` int(11) NOT NULL DEFAULT '1',
  `dateCreate` datetime NOT NULL,
  `dateComplete` datetime DEFAULT NULL,
  `status` tinyint(4) NOT NULL DEFAULT '0'
) ENGINE=InnoDB AUTO_INCREMENT=263 DEFAULT CHARSET=utf8;

--
-- Dumping data for table `unitpay_payments`
--

INSERT INTO `unitpay_payments` (`id`, `unitpayId`, `account`, `sum`, `itemsCount`, `dateCreate`, `dateComplete`, `status`) VALUES
(1, '2018766', 'Darth_Vader', 100, 100, '2014-05-08 16:34:47', NULL, 0),
(2, '2021961', 'Danny_Garcie', 15, 15, '2014-05-08 18:49:29', NULL, 0),
(3, '2021962', 'Danny_Garcie', 15, 15, '2014-05-08 18:49:33', NULL, 0),
(4, '2021964', 'Danny_Garcie', 15, 15, '2014-05-08 18:49:37', NULL, 0),
(5, '2021965', 'Danny_Garcie', 15, 15, '2014-05-08 18:49:45', NULL, 0),
(6, '2021982', 'Danny_Garcie', 10, 10, '2014-05-08 18:50:17', NULL, 0),
(7, '2021983', 'Danny_Garcie', 10, 10, '2014-05-08 18:50:20', NULL, 0),
(8, '2022195', 'Danil_Siliven', 5, 5, '2014-05-08 18:59:33', NULL, 0),
(13, '2022881', 'Danil_Silivenin', 5, 5, '2014-05-08 19:32:13', '2014-05-08 19:32:40', 1),
(22, '2025407', 'Darth_Vader', 1000, 1000, '2014-05-08 21:38:38', NULL, 0),
(23, '2025929', 'Gabriel_Rivera', 100, 100, '2014-05-08 22:06:21', NULL, 0),
(24, '2026283', 'Max_Big', 20, 20, '2014-05-08 22:26:50', NULL, 0),
(25, '2026420', 'Gabriel_Rivera', 100, 100, '2014-05-08 22:35:15', '2014-05-08 22:36:12', 1),
(32, '2032166', 'Joseph_Milton', 10, 10, '2014-05-09 11:51:29', NULL, 0),
(50, '2043909', 'Evgeniy_Pankratov', 60, 60, '2014-05-10 00:12:10', NULL, 0),
(51, '2043915', 'Evgeniy_Pankratov', 60, 60, '2014-05-10 00:13:03', NULL, 0),
(53, '2045821', 'Darth_Vader', 10000, 10000, '2014-05-10 10:11:39', NULL, 0),
(54, '2045833', 'Darth_Vader', 10000, 10000, '2014-05-10 10:13:25', NULL, 0),
(55, '2045849', 'Darth_Vader', 2000, 2000, '2014-05-10 10:15:03', NULL, 0),
(56, '2045852', 'Darth_Vader', 2000, 2000, '2014-05-10 10:15:21', NULL, 0),
(57, '2046587', 'Darth_Vader', 2000, 2000, '2014-05-10 11:25:26', NULL, 0),
(58, '2046698', 'Darth_Vader', 10000, 10000, '2014-05-10 11:33:56', NULL, 0),
(59, '2047276', 'Evgeniy_Pankratov', 60, 60, '2014-05-10 12:14:47', NULL, 0),
(60, '2047906', 'Serafim_Moralez', 50, 50, '2014-05-10 13:00:07', NULL, 0),
(77, '2064772', 'Aleksey_Zubakov', 4, 4, '2014-05-11 11:35:01', NULL, 0),
(78, '2064796', 'Aleksey_Zubakov', 4, 4, '2014-05-11 11:36:20', NULL, 0),
(81, '2067744', 'Radik_Mansur', 2000, 2000, '2014-05-11 14:14:35', NULL, 0),
(82, '2068391', 'David_Manhettan', 6, 6, '2014-05-11 14:43:46', NULL, 0),
(93, '2072003', 'William_Ace', 46, 46, '2014-05-11 18:11:04', NULL, 0),
(94, '2072014', 'William_Ace', 46, 46, '2014-05-11 18:11:40', NULL, 0),
(95, '2072033', 'William_Ace', 45, 45, '2014-05-11 18:12:36', NULL, 0),
(96, '2072046', 'William_Ace', 40, 40, '2014-05-11 18:13:04', NULL, 0),
(98, '2072650', 'William_Ace', 40, 40, '2014-05-11 18:53:39', NULL, 0),
(99, '2073190', 'William_Ace', 40, 40, '2014-05-11 19:28:09', NULL, 0),
(102, '2074316', 'Andrey_Gans', 1, 1, '2014-05-11 20:45:46', NULL, 0),
(111, '2088142', 'John_Slagger', 50, 50, '2014-05-12 19:35:48', NULL, 0),
(113, '2089135', 'John_Slagger', 50, 50, '2014-05-12 20:30:46', NULL, 0),
(143, '2186673', 'Tahoe_Bryant', 9, 9, '2014-05-17 09:22:40', NULL, 0),
(153, '2206967', 'Matthew_Hamphrey', 15, 15, '2014-05-17 19:53:49', NULL, 0),
(155, '2211121', 'Diego_Forest', 40, 40, '2014-05-17 21:50:10', NULL, 0),
(158, '2218247', 'Ilya_Moran', 3, 3, '2014-05-18 09:19:52', NULL, 0),
(160, '2227797', 'Oliver_Twist', 32, 32, '2014-05-18 15:03:06', NULL, 0),
(161, '2231823', 'Tayller_Clinton', 30, 30, '2014-05-18 17:07:22', NULL, 0),
(162, '2231859', 'Tayller_Clinton', 30, 30, '2014-05-18 17:09:01', NULL, 0),
(163, '2231951', 'Tayller_Clinton', 2, 2, '2014-05-18 17:12:04', '2014-05-18 17:12:54', 1),
(183, '2275703', 'Tahoe_Bryant', 159, 159, '2014-05-20 12:09:35', NULL, 0),
(184, '2275725', 'Tahoe_Bryant', 150, 150, '2014-05-20 12:10:37', NULL, 0),
(185, '2275751', 'Tahoe_Bryant', 109, 109, '2014-05-20 12:11:41', '2014-05-20 12:12:47', 1),
(186, '2275837', 'Tahoe_Bryant', 50, 50, '2014-05-20 12:15:51', '2014-05-20 12:16:22', 1),
(187, '2275855', 'Tahoe_Bryant', 9, 9, '2014-05-20 12:16:43', '2014-05-20 12:17:14', 1),
(188, '2281169', 'Diego_Esteban', 66, 66, '2014-05-20 15:31:39', NULL, 0),
(189, '2281941', 'Alex_tit', 10, 10, '2014-05-20 15:53:52', NULL, 0),
(190, '2281943', 'Alex_tit', 10, 10, '2014-05-20 15:53:56', NULL, 0),
(191, '2281955', 'Alex_tit', 10, 10, '2014-05-20 15:54:13', NULL, 0),
(192, '2283993', 'Diego_Esteban', 66, 66, '2014-05-20 16:53:18', NULL, 0),
(197, '2392352', 'Ivan_Budko', 2, 2, '2014-05-24 14:05:18', NULL, 0),
(209, '2401004', 'Yarik_EKB', 20, 20, '2014-05-24 18:18:04', NULL, 0),
(214, '2428924', 'Ivan_Budko', 5, 5, '2014-05-25 17:48:11', NULL, 0),
(215, '2441712', 'Tayller_Clinton', 30, 30, '2014-05-26 06:16:36', NULL, 0),
(218, '2476740', 'Tahoe_Bryant', 10, 10, '2014-05-27 11:23:34', '2014-05-27 11:24:15', 1),
(232, '2520896', 'Ivan_Budko', 5, 5, '2014-05-28 20:03:17', NULL, 0),
(238, '2558938', 'Akio_Takahashi', 70, 70, '2014-05-30 08:56:13', NULL, 0),
(240, '2561268', 'Mr_Freezer', 150, 150, '2014-05-30 11:03:08', NULL, 0),
(256, '2815186', 'Maria_Morkova', 150, 150, '2014-06-07 14:30:36', NULL, 0);

--
-- Indexes for dumped tables
--

--
-- Indexes for table `bints`
--
ALTER TABLE `bints`
  ADD PRIMARY KEY (`id`);

--
-- Indexes for table `business`
--
ALTER TABLE `business`
  ADD PRIMARY KEY (`id`);

--
-- Indexes for table `casino`
--
ALTER TABLE `casino`
  ADD PRIMARY KEY (`id`);

--
-- Indexes for table `donate`
--
ALTER TABLE `donate`
  ADD PRIMARY KEY (`id`);

--
-- Indexes for table `fillings`
--
ALTER TABLE `fillings`
  ADD PRIMARY KEY (`id`);

--
-- Indexes for table `gangs`
--
ALTER TABLE `gangs`
  ADD PRIMARY KEY (`id`);

--
-- Indexes for table `gangzone`
--
ALTER TABLE `gangzone`
  ADD PRIMARY KEY (`id`);

--
-- Indexes for table `hints`
--
ALTER TABLE `hints`
  ADD PRIMARY KEY (`id`);

--
-- Indexes for table `houses`
--
ALTER TABLE `houses`
  ADD PRIMARY KEY (`id`);

--
-- Indexes for table `members`
--
ALTER TABLE `members`
  ADD PRIMARY KEY (`id`);

--
-- Indexes for table `transport`
--
ALTER TABLE `transport`
  ADD PRIMARY KEY (`id`);

--
-- Indexes for table `unitpay_payments`
--
ALTER TABLE `unitpay_payments`
  ADD PRIMARY KEY (`id`);

--
-- AUTO_INCREMENT for dumped tables
--

--
-- AUTO_INCREMENT for table `bints`
--
ALTER TABLE `bints`
  MODIFY `id` int(4) NOT NULL AUTO_INCREMENT,AUTO_INCREMENT=24;
--
-- AUTO_INCREMENT for table `business`
--
ALTER TABLE `business`
  MODIFY `id` int(4) NOT NULL AUTO_INCREMENT,AUTO_INCREMENT=32;
--
-- AUTO_INCREMENT for table `casino`
--
ALTER TABLE `casino`
  MODIFY `id` int(4) NOT NULL AUTO_INCREMENT,AUTO_INCREMENT=2;
--
-- AUTO_INCREMENT for table `donate`
--
ALTER TABLE `donate`
  MODIFY `id` int(11) NOT NULL AUTO_INCREMENT,AUTO_INCREMENT=249;
--
-- AUTO_INCREMENT for table `fillings`
--
ALTER TABLE `fillings`
  MODIFY `id` int(3) NOT NULL AUTO_INCREMENT,AUTO_INCREMENT=19;
--
-- AUTO_INCREMENT for table `gangs`
--
ALTER TABLE `gangs`
  MODIFY `id` int(5) NOT NULL AUTO_INCREMENT,AUTO_INCREMENT=6;
--
-- AUTO_INCREMENT for table `gangzone`
--
ALTER TABLE `gangzone`
  MODIFY `id` int(4) NOT NULL AUTO_INCREMENT,AUTO_INCREMENT=233;
--
-- AUTO_INCREMENT for table `hints`
--
ALTER TABLE `hints`
  MODIFY `id` int(5) NOT NULL AUTO_INCREMENT,AUTO_INCREMENT=43;
--
-- AUTO_INCREMENT for table `houses`
--
ALTER TABLE `houses`
  MODIFY `id` int(4) NOT NULL AUTO_INCREMENT,AUTO_INCREMENT=301;
--
-- AUTO_INCREMENT for table `members`
--
ALTER TABLE `members`
  MODIFY `id` int(11) NOT NULL AUTO_INCREMENT,AUTO_INCREMENT=3634;
--
-- AUTO_INCREMENT for table `transport`
--
ALTER TABLE `transport`
  MODIFY `id` int(3) NOT NULL AUTO_INCREMENT,AUTO_INCREMENT=213;
--
-- AUTO_INCREMENT for table `unitpay_payments`
--
ALTER TABLE `unitpay_payments`
  MODIFY `id` int(10) NOT NULL AUTO_INCREMENT,AUTO_INCREMENT=263;
/*!40101 SET CHARACTER_SET_CLIENT=@OLD_CHARACTER_SET_CLIENT */;
/*!40101 SET CHARACTER_SET_RESULTS=@OLD_CHARACTER_SET_RESULTS */;
/*!40101 SET COLLATION_CONNECTION=@OLD_COLLATION_CONNECTION */;
